x,y,soilBaseQuality,sunlight,nutrients,pH,organicMatter,compaction,salinity
0,0,0.076,0.989,0.075,0.172,0.788,0.933,0.012
1,0,0.77,0.717,0.466,0.65,0.134,0.997,0.786
2,0,0.421,0.316,0.435,0.334,0.17,0.781,0.045
7,0,0.826,0.047,0.405,0.672,0.687,0.121,0.968
8,0,0.593,0.388,0.676,0.188,0.857,0.584,0.355
9,0,0.397,0.717,0.292,0.64,0.115,0.575,0.589
10,0,0.021,0.723,0.05,0.153,0.571,0.547,0.511
11,0,0.758,0.291,0.259,0.559,0.274,0.114,0.425
12,0,0.123,0.457,0.116,0.325,0.213,0.863,0.563
13,0,0.588,0.555,0.924,0.75,0.883,0.09,0.566
14,0,1.0,0.572,0.13,0.243,0.287,0.811,0.575
15,0,0.391,0.832,0.6,0.047,0.051,0.677,0.051
16,0,0.096,0.825,0.918,0.961,0.446,0.579,0.884
17,0,0.067,0.973,0.949,0.284,0.808,0.547,0.232
18,0,0.568,0.162,0.991,0.787,0.867,0.115,0.468
19,0,0.196,0.108,0.785,0.062,0.441,0.043,0.361
20,0,0.492,0.871,0.543,0.249,0.764,0.039,0.498
21,0,0.27,0.368,0.827,0.644,0.463,0.817,0.962
22,0,0.669,0.18,0.957,0.4,0.131,0.325,0.6
23,0,0.139,0.78,0.737,0.311,0.25,0.08,0.313
0,1,0.752,0.746,0.627,0.421,0.841,0.219,0.229
1,1,0.338,0.035,0.725,0.056,0.582,0.668,0.833
2,1,0.377,0.879,0.27,0.813,0.235,0.271,0.635
3,1,0.826,0.506,0.701,0.537,0.481,0.375,0.96
4,1,0.879,0.871,0.258,0.654,0.972,0.045,0.101
5,1,0.328,0.13,0.369,0.216,0.7,0.953,0.933
6,1,0.572,0.789,0.047,0.392,0.965,0.842,0.905
7,1,0.629,0.638,0.39,0.448,0.285,0.196,0.713
10,1,0.078,0.777,0.714,0.755,0.123,0.9,0.233
11,1,0.272,0.018,0.015,0.508,0.059,0.931,0.282
12,1,0.648,0.953,0.546,0.024,0.381,0.867,0.007
14,1,0.289,0.664,0.848,0.157,0.653,0.209,0.717
18,1,0.672,0.423,0.428,0.031,0.54,0.858,0.601
19,1,0.675,0.399,0.031,0.305,0.352,0.26,0.728
20,1,0.665,0.73,0.361,0.09,0.904,0.6,0.061
21,1,0.719,0.201,0.465,0.342,0.346,0.576,0.347
22,1,0.799,0.347,0.594,0.098,0.432,0.909,0.281
23,1,0.47,0.377,0.38,0.543,0.04,0.487,0.521
24,1,0.891,0.365,0.789,0.026,0.795,0.67,0.397
25,1,0.077,0.693,0.56,0.665,0.574,0.058,0.554
2,2,0.08,0.902,0.43,0.929,0.714,0.085,0.034
3,2,0.311,0.709,0.589,0.149,0.915,0.295,0.634
4,2,0.033,0.168,0.439,0.427,0.659,0.524,0.669
5,2,0.463,0.023,0.572,0.97,0.9,0.232,0.371
7,2,0.467,0.484,0.947,0.652,0.72,0.662,0.881
8,2,0.732,0.811,0.248,0.339,0.46,0.275,0.679
9,2,0.052,0.094,0.784,0.537,0.16,0.329,0.227
10,2,0.621,0.251,0.491,0.538,0.408,0.441,0.608
11,2,0.761,0.641,0.972,0.135,0.661,0.504,0.295
12,2,0.661,0.473,0.53,0.892,0.127,0.554,0.475
13,2,0.064,0.056,0.058,0.855,0.074,0.027,0.402
16,2,0.851,0.912,0.921,0.178,0.966,0.709,0.948
17,2,0.842,0.284,0.137,0.339,0.548,0.733,0.768
18,2,0.496,0.857,0.367,0.586,0.17,0.54,0.452
19,2,0.589,0.313,0.594,0.091,0.393,0.725,0.544
22,2,0.555,0.483,0.286,0.867,0.731,0.335,0.516
23,2,0.303,0.109,0.402,0.462,0.352,0.223,0.808
24,2,0.089,0.739,0.428,0.78,0.86,0.67,0.534
25,2,0.628,0.062,0.272,0.992,0.372,0.45,0.142
26,2,0.487,0.814,0.771,0.398,0.888,0.739,0.796
27,2,0.868,0.961,0.471,0.817,0.342,0.524,0.117
0,3,0.12,0.131,0.244,0.321,0.742,0.964,0.594
1,3,0.423,0.488,0.206,0.39,0.802,0.68,0.417
2,3,0.872,0.774,0.29,0.104,0.653,0.158,0.247
3,3,0.481,0.334,0.266,0.42,0.805,0.372,0.413
4,3,0.602,0.336,0.738,0.2,0.755,0.291,0.363
5,3,0.343,0.55,0.112,0.621,0.024,0.796,0.317
6,3,0.779,0.664,0.042,0.996,0.291,0.562,0.08
7,3,0.388,0.107,0.767,0.991,0.582,0.196,0.986
8,3,0.473,0.284,0.895,0.514,0.401,0.922,0.997
9,3,0.785,0.229,0.596,0.625,0.897,0.609,0.517
10,3,0.425,0.822,0.496,0.127,0.922,0.689,0.004
11,3,0.895,0.874,0.482,0.095,0.612,0.262,0.936
12,3,0.715,0.303,0.206,0.696,0.858,0.903,0.727
13,3,0.069,0.571,0.092,0.853,0.232,0.881,0.276
15,3,0.266,0.646,0.645,0.935,0.918,0.208,0.771
16,3,0.002,0.075,0.753,0.617,0.529,0.186,0.382
17,3,0.735,0.224,0.362,0.463,0.819,0.395,0.944
18,3,0.979,0.561,0.683,0.95,0.615,0.605,0.211
20,3,0.117,0.609,0.344,0.011,0.414,0.725,0.076
24,3,0.758,0.381,0.76,0.115,0.63,0.673,0.193
25,3,0.974,0.74,0.923,0.987,0.163,0.968,0.919
27,3,0.39,0.875,0.166,0.326,0.402,0.451,0.82
28,3,0.896,0.303,0.476,0.686,0.177,0.729,0.976
1,4,0.566,0.235,0.809,0.043,0.027,0.81,0.027
2,4,0.605,0.805,0.877,0.002,0.976,0.582,0.34
3,4,0.294,0.209,0.224,0.959,0.575,0.372,0.248
4,4,0.045,0.494,0.751,0.348,0.78,0.974,0.756
5,4,0.069,0.853,0.413,0.151,0.128,0.516,0.358
6,4,0.347,0.879,0.942,0.254,0.794,0.447,0.875
7,4,0.506,0.86,0.398,0.591,0.693,0.897,0.969
8,4,0.477,0.522,0.999,0.439,0.043,0.87,0.499
9,4,0.642,0.582,0.037,0.426,0.093,0.99,0.906
10,4,0.192,0.817,0.009,0.582,0.004,0.308,0.417
11,4,0.484,0.223,0.57,0.65,0.88,0.666,0.891
12,4,0.159,0.424,0.122,0.854,0.959,0.897,0.947
13,4,0.344,0.755,0.225,0.867,0.345,0.28,0.131
14,4,0.894,0.648,0.919,0.072,0.565,0.36,0.165
15,4,0.235,0.634,0.918,0.76,0.823,0.021,0.617
16,4,0.725,0.582,0.9,0.824,0.352,0.245,0.85
17,4,0.022,0.647,0.778,0.056,0.628,0.958,0.695
18,4,0.767,0.184,0.162,0.137,0.505,0.929,0.369
20,4,0.141,0.24,0.007,0.195,0.938,0.159,0.953
24,4,0.723,0.907,0.221,0.526,0.317,0.58,0.376
25,4,0.692,0.73,0.593,0.503,0.991,0.019,0.848
26,4,0.323,0.867,0.493,0.577,0.669,0.504,0.381
27,4,0.923,0.841,0.487,0.575,0.062,0.18,0.787
28,4,0.759,0.469,0.301,0.664,0.914,0.754,0.282
29,4,0.326,0.599,0.564,0.687,0.656,0.009,0.131
30,4,0.285,0.796,0.798,0.276,0.834,0.114,0.851
31,4,0.685,0.591,0.17,0.96,0.117,0.604,0.274
32,4,0.377,0.051,0.209,0.564,0.417,0.116,0.842
33,4,0.247,0.765,0.594,0.655,0.916,0.992,0.679
0,5,0.571,0.755,0.087,0.162,0.468,0.831,0.615
1,5,0.832,0.659,0.716,0.64,0.709,0.774,0.159
2,5,0.681,0.987,0.581,0.094,0.524,0.424,0.282
3,5,0.307,0.632,0.806,0.284,0.174,0.627,0.506
4,5,0.032,0.284,0.629,0.089,0.44,0.118,0.057
5,5,0.517,0.13,0.165,0.809,0.828,0.127,0.119
6,5,0.853,0.687,0.741,0.251,0.849,0.831,0.315
7,5,0.859,0.441,0.692,0.182,0.988,0.885,0.116
8,5,0.944,0.812,0.787,0.775,0.671,0.907,0.046
9,5,0.739,0.708,0.148,0.104,0.268,0.415,0.657
10,5,0.666,0.238,0.022,0.254,0.854,0.374,0.132
11,5,0.229,0.568,0.807,0.844,0.155,0.964,0.739
12,5,0.772,0.289,0.279,0.78,0.608,0.552,0.765
13,5,0.024,0.228,0.352,0.117,0.674,0.867,0.707
14,5,0.692,0.371,0.941,0.341,0.389,0.914,0.053
15,5,0.926,0.81,0.949,0.742,0.129,0.25,0.248
16,5,0.969,0.431,0.624,0.767,0.723,0.12,0.169
17,5,0.855,0.349,0.609,0.923,0.222,0.975,0.357
18,5,0.97,0.139,0.154,0.563,0.016,0.737,0.508
19,5,0.683,0.408,0.268,0.339,0.332,0.08,0.268
20,5,0.868,0.685,0.321,0.444,0.806,0.168,0.691
22,5,0.48,0.544,0.716,0.882,0.919,0.155,0.004
23,5,0.08,0.979,0.991,0.161,0.939,0.899,0.807
24,5,0.226,0.506,0.99,0.632,0.118,0.92,0.642
34,5,0.448,0.963,0.784,0.417,0.263,0.727,0.325
35,5,0.906,0.525,0.531,0.386,0.863,0.614,0.495
0,6,0.726,0.248,0.557,0.814,0.231,0.221,0.72
1,6,0.704,0.884,0.973,0.133,0.115,0.443,0.01
2,6,0.178,0.532,0.131,0.455,0.928,0.783,0.028
3,6,0.732,0.59,0.652,0.042,0.808,0.169,0.655
4,6,0.603,0.606,0.583,0.867,0.639,0.101,0.144
5,6,0.717,0.96,0.723,0.155,0.248,0.725,0.773
6,6,0.484,0.826,0.319,0.514,0.96,0.979,0.869
7,6,0.236,0.487,0.783,0.071,0.542,0.088,0.731
8,6,0.659,0.788,0.272,0.46,0.255,0.305,0.137
9,6,0.117,0.244,0.548,0.251,0.898,0.458,0.325
10,6,0.491,0.85,0.071,0.673,0.151,0.287,0.444
11,6,0.585,0.159,0.126,0.131,0.136,0.974,0.092
12,6,0.1,0.153,0.525,0.91,0.626,0.47,0.094
13,6,0.068,0.658,0.761,0.202,0.033,0.328,0.153
14,6,0.253,0.946,0.408,0.054,0.081,0.606,0.281
17,6,0.762,0.373,0.363,0.94,0.166,0.566,0.004
18,6,0.842,0.203,0.175,0.831,0.1,0.005,0.989
19,6,0.592,0.157,0.558,0.145,0.233,0.602,0.517
20,6,0.457,0.451,0.24,0.831,0.137,0.958,0.63
22,6,0.987,0.917,0.137,0.303,0.554,0.878,0.182
23,6,0.113,0.21,0.523,0.38,0.806,0.929,0.81
24,6,0.862,0.381,0.841,0.237,0.096,0.309,0.59
29,6,0.17,0.396,0.554,0.077,0.892,0.702,0.759
30,6,0.533,0.084,0.668,0.896,0.642,0.71,0.576
33,6,0.48,0.175,0.044,0.594,0.735,0.624,0.769
34,6,0.271,0.541,0.347,0.576,0.458,0.222,0.692
35,6,0.537,0.195,0.991,0.169,0.006,0.54,0.636
36,6,0.139,0.711,0.272,0.33,0.858,0.038,0.07
0,7,0.694,0.883,0.962,0.14,0.615,0.139,0.38
1,7,0.277,0.993,0.499,0.359,0.982,0.869,0.838
2,7,0.827,0.44,0.878,0.902,0.442,0.205,0.092
3,7,0.481,0.833,0.799,0.349,0.384,0.906,0.957
4,7,0.385,0.64,0.392,0.959,0.68,0.2,0.094
5,7,0.847,0.456,0.75,0.782,0.674,0.837,0.776
6,7,0.651,0.508,0.319,0.095,0.773,0.154,0.108
7,7,0.89,0.136,0.877,0.636,0.926,0.195,0.378
8,7,0.561,0.252,0.512,0.241,0.731,0.174,0.79
9,7,0.877,0.3,0.255,0.603,0.823,0.13,0.438
10,7,0.948,0.116,0.297,0.06,0.535,0.948,0.046
11,7,0.655,0.396,0.9,0.008,0.556,0.539,0.219
12,7,0.992,0.541,0.175,0.923,0.54,0.332,0.196
16,7,0.797,0.044,0.492,0.747,0.43,0.595,0.546
17,7,0.23,0.163,0.746,0.014,0.057,0.035,0.744
18,7,0.143,0.956,0.471,0.942,0.019,0.237,0.43
19,7,0.172,0.38,0.053,0.54,0.458,0.003,0.015
20,7,0.065,0.135,0.205,0.009,0.396,0.869,0.622
22,7,0.47,0.134,0.893,0.379,0.406,0.851,0.613
23,7,0.863,0.691,0.875,0.742,0.39,0.799,0.95
24,7,0.991,0.742,0.766,0.205,0.339,0.765,0.871
25,7,0.519,0.564,0.776,0.468,0.313,0.704,0.248
26,7,0.869,0.334,0.671,0.252,0.808,0.349,0.284
30,7,0.757,0.022,0.652,0.131,0.902,0.354,0.657
31,7,0.204,0.639,0.606,0.8,0.2,0.172,0.771
35,7,0.052,0.848,0.524,0.908,0.17,0.454,0.744
36,7,0.083,0.831,0.386,0.747,0.982,0.992,0.658
37,7,0.573,0.421,0.035,0.82,0.671,0.053,0.954
38,7,0.455,0.495,0.95,0.169,0.854,0.561,0.419
0,8,0.694,0.938,0.517,0.418,0.369,0.242,0.366
1,8,0.385,0.744,0.517,0.864,0.411,0.239,0.018
2,8,0.61,0.4,0.11,0.437,0.518,0.426,0.585
3,8,0.524,0.844,0.346,0.787,0.288,0.295,0.42
4,8,0.133,0.357,0.89,0.822,0.247,0.143,0.188
5,8,0.11,0.475,0.327,0.757,0.34,0.203,0.768
6,8,0.687,0.352,0.503,0.887,0.478,0.256,0.217
7,8,0.647,0.828,0.455,0.925,0.418,0.546,0.172
8,8,0.118,0.563,0.466,0.887,0.444,0.619,0.126
9,8,0.855,0.752,0.4,0.743,0.674,0.687,0.251
10,8,0.198,0.436,0.855,0.945,0.331,0.137,0.493
11,8,0.147,0.224,0.117,0.958,0.903,0.548,0.546
12,8,0.655,0.856,0.853,0.039,0.858,0.341,0.312
17,8,0.846,0.036,0.635,0.489,0.303,0.905,0.987
18,8,0.161,0.352,0.935,0.098,0.036,0.079,0.585
19,8,0.619,0.887,0.068,0.749,0.182,0.761,0.874
20,8,0.344,0.997,0.714,0.576,0.255,0.842,0.645
23,8,0.047,0.935,0.401,0.678,0.971,0.073,0.668
24,8,0.385,0.454,0.637,0.537,0.644,0.99,0.735
25,8,0.103,0.464,0.891,0.382,0.169,0.156,0.206
26,8,0.738,0.083,0.201,0.55,0.358,0.697,0.609
27,8,0.833,0.02,0.589,0.368,0.919,0.612,0.083
37,8,0.371,0.938,0.165,0.013,0.03,0.602,0.894
38,8,0.239,0.316,0.305,0.132,0.26,0.054,0.157
39,8,0.287,0.148,0.597,0.916,0.327,0.552,0.088
0,9,0.019,0.811,0.069,0.56,0.352,0.815,0.312
1,9,0.355,0.902,0.808,0.559,0.92,0.933,0.065
2,9,0.234,0.483,0.723,0.405,0.578,0.429,0.58
3,9,0.624,0.756,0.547,0.772,0.821,0.529,0.488
4,9,0.741,0.379,0.91,0.156,0.732,0.876,0.964
5,9,0.135,0.011,0.536,0.37,0.428,0.406,0.628
6,9,0.984,0.889,0.101,0.266,0.023,0.65,0.92
7,9,0.71,0.867,0.961,0.236,0.775,0.964,0.324
8,9,0.147,0.383,0.55,0.17,0.986,0.459,0.437
9,9,0.519,0.377,0.896,0.481,0.46,0.488,0.955
10,9,0.557,0.579,0.892,0.584,0.025,0.715,0.773
11,9,0.407,0.345,0.616,0.216,0.919,0.111,0.846
12,9,0.53,0.496,0.585,0.142,0.071,0.251,0.39
13,9,0.682,0.806,0.974,0.418,0.576,0.061,0.433
15,9,0.516,0.109,0.846,0.691,0.542,0.508,0.637
16,9,0.003,0.672,0.186,0.285,0.59,0.445,0.084
17,9,0.31,0.938,0.695,0.469,0.444,0.679,0.564
18,9,0.097,0.786,0.044,0.777,0.626,0.177,0.517
19,9,0.074,0.051,0.886,0.923,0.031,0.415,0.467
20,9,0.942,0.226,0.108,0.561,0.204,0.948,0.485
21,9,0.064,0.851,0.031,0.304,0.303,0.693,0.462
22,9,0.074,0.757,0.562,0.486,0.061,0.921,0.017
23,9,0.746,0.376,0.931,0.936,0.923,0.211,0.949
24,9,0.545,0.544,0.681,0.515,0.026,0.142,0.423
25,9,0.924,0.126,0.382,0.215,0.823,0.632,0.343
31,9,0.552,0.925,0.681,0.926,0.564,0.071,0.145
32,9,0.932,0.108,0.019,0.544,0.885,0.23,0.276
34,9,0.231,0.765,0.128,0.246,0.37,0.099,0.652
35,9,0.54,0.556,0.76,0.797,0.53,0.388,0.186
38,9,0.568,0.11,0.836,0.735,0.828,0.944,0.796
39,9,0.059,0.447,0.571,0.899,0.772,0.021,0.929
40,9,0.146,0.357,0.861,0.603,0.248,0.432,0.527
0,10,0.678,0.811,0.334,0.634,0.479,0.01,0.878
1,10,0.101,0.795,0.767,0.401,0.125,0.539,0.053
2,10,0.12,0.444,0.379,0.756,0.616,0.862,0.607
3,10,0.567,0.896,0.171,0.041,0.308,0.108,0.071
4,10,0.498,0.802,0.302,0.89,0.353,0.902,0.929
5,10,0.915,0.528,0.913,0.486,0.113,0.028,0.94
6,10,0.419,0.42,0.913,0.103,0.939,0.088,0.671
7,10,0.71,0.849,0.498,0.576,0.305,0.499,0.541
8,10,0.056,0.044,0.462,0.498,0.941,0.937,0.194
9,10,0.78,0.713,0.737,0.719,0.505,0.745,0.373
10,10,0.537,0.456,0.444,0.151,0.139,0.453,0.227
11,10,0.446,0.434,0.401,0.785,0.206,0.114,0.164
12,10,0.098,0.053,0.94,0.184,0.555,0.431,0.004
13,10,0.204,0.412,0.8,0.032,0.53,0.602,0.731
14,10,0.266,0.289,0.64,0.154,0.915,0.331,0.208
15,10,0.951,0.998,0.18,0.241,0.802,0.646,0.113
16,10,0.817,0.461,0.495,0.95,0.645,0.259,0.527
17,10,0.39,0.133,0.776,0.346,0.781,0.51,0.232
19,10,0.666,0.603,0.352,0.794,0.86,0.836,0.828
20,10,0.0,0.787,0.277,0.005,0.593,0.011,0.009
21,10,0.987,0.445,0.396,0.302,0.628,0.202,0.952
22,10,0.596,0.533,0.884,0.476,0.803,0.253,0.295
23,10,0.615,0.321,0.102,0.947,0.31,0.706,0.471
24,10,0.872,0.031,0.636,0.936,0.172,0.104,0.148
25,10,0.961,0.886,0.638,0.951,0.643,0.597,0.838
31,10,0.803,0.256,0.696,0.817,0.36,0.264,0.512
32,10,0.72,0.762,0.087,0.73,0.917,0.964,0.655
33,10,0.882,0.09,0.03,0.16,0.112,0.091,0.298
38,10,0.121,0.238,0.373,0.34,0.531,0.562,0.087
39,10,0.576,0.021,0.293,0.777,0.469,0.916,0.012
40,10,0.102,0.237,0.519,0.668,0.421,0.815,0.149
41,10,0.131,0.422,0.84,0.511,0.708,0.019,0.403
42,10,0.591,0.343,0.132,0.967,0.861,0.77,0.739
0,11,0.145,0.781,0.432,0.36,0.984,0.581,0.295
1,11,0.052,0.0,0.103,0.709,0.045,0.741,0.982
2,11,0.808,0.664,0.854,0.89,0.998,0.127,0.901
3,11,0.814,0.812,0.476,0.087,0.184,0.213,0.603
5,11,0.036,0.898,0.007,0.186,0.871,0.94,0.059
6,11,0.626,0.105,0.971,0.411,0.182,0.935,0.246
8,11,0.893,0.79,0.077,0.256,0.287,0.266,0.299
12,11,0.56,0.887,0.89,0.844,0.312,0.037,0.43
13,11,0.343,0.8,0.656,0.954,0.869,0.125,0.623
14,11,0.973,0.739,0.751,0.264,0.971,0.412,0.048
16,11,0.752,0.751,0.932,0.113,0.232,0.633,0.537
17,11,0.844,0.41,0.579,0.66,0.849,0.679,0.229
18,11,0.145,0.277,0.193,0.309,0.581,0.921,0.659
19,11,0.003,0.027,0.774,0.812,0.502,0.409,0.117
20,11,0.658,0.858,0.425,0.096,0.223,0.813,0.157
22,11,0.705,0.801,0.682,0.378,0.62,0.702,0.522
23,11,0.954,0.418,0.147,0.171,0.269,0.176,0.197
24,11,0.874,0.328,0.231,0.363,0.1,0.959,0.147
25,11,0.634,0.137,0.949,0.548,0.259,0.287,0.955
26,11,0.456,0.373,0.666,0.673,0.702,0.13,0.681
28,11,0.0,0.838,0.499,0.456,0.885,0.62,0.08
29,11,0.287,0.757,0.043,0.192,0.232,0.741,0.704
30,11,0.131,0.603,0.592,0.339,0.874,0.834,0.17
31,11,0.408,0.301,0.535,0.625,0.298,0.407,0.365
33,11,0.956,0.674,0.866,0.289,0.516,0.09,0.071
34,11,0.921,0.194,0.471,0.898,0.717,0.675,0.334
40,11,0.883,0.227,0.328,0.649,0.992,0.794,0.786
43,11,0.692,0.23,0.005,0.417,0.437,0.071,0.547
1,12,0.255,0.491,0.533,0.264,0.755,0.475,0.763
7,12,0.546,0.172,0.232,0.588,0.455,0.628,0.385
8,12,0.572,0.783,0.65,0.785,0.472,0.56,0.919
9,12,0.721,0.575,0.03,0.738,0.173,0.657,0.821
10,12,0.331,0.078,0.632,0.31,0.443,0.872,0.308
11,12,0.88,0.495,0.376,0.863,0.654,0.75,0.89
12,12,0.285,0.516,0.066,0.68,0.98,0.02,0.7
13,12,0.091,0.313,0.604,0.953,0.41,0.813,0.618
15,12,0.678,0.366,0.643,0.208,0.591,0.772,0.309
16,12,0.082,0.436,0.218,0.584,0.149,0.07,0.541
17,12,0.243,0.166,0.467,0.873,0.623,0.874,0.138
18,12,0.625,0.386,0.493,0.914,0.647,0.53,0.2
19,12,0.685,0.403,0.636,0.394,0.453,0.4,0.035
20,12,0.056,0.682,0.664,0.496,0.148,0.826,0.198
21,12,0.599,0.785,0.707,0.197,0.876,0.338,0.212
22,12,0.634,0.902,0.923,0.81,0.51,0.056,0.651
23,12,0.841,0.363,0.457,0.9,0.013,0.065,0.416
25,12,0.441,0.275,0.061,0.108,0.272,0.442,0.046
26,12,0.363,0.002,0.757,0.303,0.038,0.465,0.885
28,12,0.141,0.599,0.012,0.166,0.005,0.641,0.727
29,12,0.159,0.791,0.489,0.788,0.815,0.443,0.865
30,12,0.697,0.916,0.795,0.457,0.373,0.337,0.392
31,12,0.18,0.816,0.741,0.474,0.723,0.686,0.879
41,12,0.015,0.11,0.879,0.483,0.187,0.275,0.163
42,12,0.481,0.784,0.919,0.688,0.342,0.845,0.95
43,12,0.747,0.148,0.254,0.164,0.797,0.196,0.901
44,12,0.354,0.235,0.115,0.121,0.562,0.445,0.026
45,12,0.643,0.156,0.541,0.587,0.458,0.295,0.025
46,12,0.594,0.517,0.596,0.827,0.499,0.595,0.94
9,13,0.354,0.259,0.434,0.976,0.565,0.376,0.203
10,13,0.217,0.08,0.606,0.287,0.415,0.133,0.709
11,13,0.791,0.195,0.151,0.905,0.992,0.805,0.356
12,13,0.353,0.431,0.594,0.752,0.265,0.599,0.527
13,13,0.417,0.512,0.649,0.742,0.557,0.82,0.935
14,13,0.325,0.96,0.778,0.874,0.96,0.695,0.131
16,13,0.399,0.419,0.961,0.422,0.585,0.444,0.357
17,13,0.53,0.967,0.646,0.753,0.687,0.429,0.78
18,13,0.393,0.051,0.75,0.765,0.73,0.281,0.483
19,13,0.89,0.588,0.438,0.83,0.695,0.696,0.032
20,13,0.726,0.234,0.236,0.736,0.749,0.072,0.598
21,13,0.971,0.399,0.664,0.015,0.709,0.67,0.675
22,13,0.184,0.152,0.787,0.009,0.196,0.776,0.348
23,13,0.386,0.306,0.669,0.189,0.832,0.687,0.373
24,13,0.856,0.932,0.24,0.709,0.848,0.669,0.353
25,13,0.449,0.105,0.687,0.559,0.062,0.423,0.692
27,13,0.809,0.609,0.863,0.618,0.164,0.243,0.353
28,13,0.878,0.165,0.656,0.708,0.25,0.059,0.541
29,13,0.99,0.142,0.896,0.611,0.629,0.147,0.597
30,13,0.558,0.86,0.335,0.605,0.982,0.644,0.945
31,13,0.453,0.714,0.625,0.796,0.724,0.142,0.679
50,13,0.134,0.968,0.55,0.8,0.298,0.334,0.889
7,14,0.242,0.144,0.365,0.441,0.473,0.653,0.892
8,14,0.37,0.063,0.786,0.171,0.489,0.81,0.67
9,14,0.252,0.902,0.25,0.798,0.652,0.287,0.232
10,14,0.67,0.014,0.624,0.435,0.777,0.924,0.561
11,14,0.919,0.394,0.176,0.899,0.959,0.367,0.47
12,14,0.052,0.558,0.847,0.418,0.165,0.441,0.207
13,14,0.088,0.766,0.162,0.072,0.912,0.564,0.744
14,14,0.633,0.334,0.449,0.067,0.142,0.283,0.895
15,14,0.712,0.816,0.359,0.32,0.253,0.315,0.902
16,14,0.347,0.773,0.766,0.518,0.989,0.656,0.061
17,14,0.407,0.644,0.345,0.623,0.61,0.582,0.625
18,14,0.249,0.155,0.336,0.559,0.669,0.021,0.783
19,14,0.186,0.239,0.324,0.319,0.639,0.563,0.683
21,14,0.017,0.083,0.803,0.346,0.757,0.605,0.966
22,14,0.124,0.889,0.219,0.536,0.372,0.097,0.171
27,14,0.164,0.484,0.256,0.598,0.854,0.56,0.826
28,14,0.242,0.698,0.356,0.96,0.854,0.83,0.832
29,14,0.94,0.954,0.446,0.681,0.014,0.573,0.846
30,14,0.248,0.28,0.871,0.039,0.254,0.334,0.798
42,14,0.873,0.793,0.061,0.076,0.531,0.597,0.209
43,14,0.362,0.879,0.061,0.81,0.921,0.534,0.438
44,14,0.972,0.107,0.28,0.784,0.373,0.858,0.54
49,14,0.614,0.504,0.372,0.283,0.125,0.434,0.96
50,14,0.155,0.813,0.859,0.817,0.046,0.573,0.91
51,14,0.861,0.034,0.739,0.243,0.615,0.69,0.54
1,15,0.611,0.479,0.226,0.549,0.742,0.997,0.012
3,15,0.701,0.576,0.017,0.081,0.463,0.537,0.285
4,15,0.885,0.962,0.204,0.281,0.053,0.372,0.913
5,15,0.574,0.121,0.527,0.229,0.885,0.004,0.491
6,15,0.791,0.81,0.861,0.638,0.403,0.137,0.368
7,15,0.035,0.767,0.906,0.595,0.073,0.715,0.444
8,15,0.45,0.534,0.002,0.414,0.894,0.668,0.461
9,15,0.591,0.045,0.771,0.025,0.216,0.141,0.27
10,15,0.375,0.353,0.819,0.865,0.505,0.765,0.86
11,15,0.429,0.465,0.095,0.238,0.534,0.017,0.871
12,15,0.196,0.401,0.172,0.333,0.993,0.572,0.502
13,15,0.781,0.339,0.472,0.241,0.408,0.066,0.805
14,15,0.926,0.226,0.694,0.866,0.229,0.421,0.124
15,15,0.711,0.31,0.39,0.222,0.037,0.833,0.769
16,15,0.264,0.423,0.911,0.12,0.033,0.524,0.868
17,15,0.943,0.057,0.275,0.776,0.996,0.742,0.975
18,15,0.718,0.892,0.737,0.937,0.124,0.578,0.866
21,15,0.021,0.713,0.119,0.14,0.038,0.926,0.807
22,15,0.498,0.45,0.622,0.872,0.626,0.517,0.489
24,15,0.126,0.475,0.056,0.869,0.027,0.094,0.904
27,15,0.098,0.965,0.108,0.293,0.375,0.843,0.44
29,15,0.809,0.115,0.27,0.137,0.72,0.636,0.788
30,15,0.8,0.169,0.579,0.117,0.726,0.052,0.236
44,15,0.155,0.035,0.859,0.227,1.0,0.939,0.823
46,15,0.665,0.425,0.174,0.564,0.072,0.749,0.789
51,15,0.344,0.906,0.186,0.772,0.073,0.795,0.454
3,16,0.112,0.09,0.885,0.152,0.906,0.729,0.634
4,16,0.947,0.422,0.739,0.008,0.068,0.623,0.817
5,16,0.472,0.675,0.639,0.335,0.428,0.689,0.644
6,16,0.066,0.381,0.132,0.685,0.234,0.796,0.081
7,16,0.592,0.194,0.721,0.947,0.809,0.957,0.52
8,16,0.928,0.162,0.668,0.523,0.328,0.924,0.992
9,16,0.193,0.025,0.956,0.521,0.62,0.006,0.53
10,16,0.753,0.094,0.251,0.517,0.091,0.299,0.282
11,16,0.975,0.698,0.517,0.086,0.879,0.229,0.714
12,16,0.814,0.14,0.861,0.359,0.425,0.7,0.847
13,16,0.184,0.471,0.797,0.095,0.419,0.535,0.383
14,16,0.215,0.79,0.064,0.55,0.474,0.552,0.093
15,16,0.662,0.962,0.334,0.774,0.36,0.457,0.671
16,16,0.364,0.397,0.704,0.676,0.83,0.769,0.284
17,16,0.279,0.643,0.454,0.921,0.868,0.527,0.404
18,16,0.399,0.03,0.364,0.999,0.018,0.565,0.33
20,16,0.839,0.641,0.373,0.601,0.239,0.544,0.516
21,16,0.388,0.295,0.617,0.339,0.608,0.111,0.737
22,16,0.994,0.627,0.126,0.015,0.507,0.456,0.989
23,16,0.838,0.868,0.978,0.886,0.819,0.996,0.752
26,16,0.713,0.424,0.5,0.433,0.173,0.556,0.844
27,16,0.289,0.519,0.488,0.395,0.359,0.39,0.695
30,16,0.906,0.26,0.605,0.558,0.249,0.831,0.805
49,16,0.533,0.106,0.898,0.344,0.055,0.104,0.241
52,16,0.675,0.202,0.301,0.624,0.976,0.97,0.614
2,17,0.46,0.589,0.16,0.805,0.781,0.247,0.688
3,17,0.393,0.055,0.017,0.246,0.679,0.918,0.763
4,17,0.217,0.496,0.242,0.254,0.592,0.384,0.429
5,17,0.761,0.02,0.218,0.732,0.095,0.613,0.068
8,17,0.213,0.277,0.569,0.345,0.799,0.611,0.165
9,17,0.279,0.527,0.957,0.446,0.108,0.87,0.87
10,17,0.381,0.732,0.691,0.385,0.505,0.99,0.953
11,17,0.42,0.272,0.495,0.335,0.334,0.282,0.128
12,17,0.892,0.298,0.752,0.438,0.231,0.523,0.492
13,17,0.783,0.698,0.683,0.0,0.547,0.674,0.268
14,17,0.432,0.989,0.454,0.804,0.643,0.39,0.066
15,17,0.475,0.036,0.61,0.159,0.404,0.695,0.066
16,17,0.34,0.387,0.382,0.099,0.852,0.06,0.425
17,17,0.976,0.284,0.125,0.447,0.489,0.06,0.086
18,17,0.138,0.676,0.927,0.833,0.751,0.782,0.682
19,17,0.762,0.087,0.499,0.025,0.466,0.038,0.458
20,17,0.368,0.394,0.125,0.345,0.058,0.205,0.253
21,17,0.426,0.339,0.693,0.51,0.636,0.911,0.722
22,17,0.101,0.156,0.565,0.923,0.284,0.47,0.521
23,17,0.732,0.529,0.851,0.071,0.347,0.026,0.506
24,17,0.325,0.812,0.694,0.953,0.89,0.145,0.504
26,17,0.729,0.397,0.78,0.07,0.305,0.651,0.334
27,17,0.431,0.845,0.438,0.162,0.334,0.389,0.047
28,17,0.584,0.743,0.489,0.928,0.121,0.703,0.364
29,17,0.255,0.834,0.205,0.084,0.182,0.068,0.851
30,17,0.391,0.036,0.355,0.795,0.614,0.755,0.479
31,17,0.171,0.164,0.371,0.105,0.252,0.053,0.959
32,17,0.029,0.923,0.36,0.86,0.592,0.67,0.761
38,17,0.495,0.371,0.581,0.016,0.205,0.144,0.056
47,17,0.659,0.406,0.433,0.667,0.507,0.053,0.538
49,17,0.393,0.147,0.22,0.526,0.034,0.637,0.78
50,17,0.985,0.055,0.937,0.55,0.851,0.979,0.617
53,17,0.231,0.99,0.14,0.189,0.381,0.882,0.185
0,18,0.624,0.347,0.263,0.295,0.675,0.694,0.057
2,18,0.108,0.159,0.221,0.512,0.664,0.479,0.591
3,18,0.895,0.004,0.218,0.302,0.785,0.147,0.704
4,18,0.313,0.744,0.522,0.651,0.916,0.867,0.279
6,18,0.077,0.289,0.942,0.922,0.218,0.81,0.922
7,18,0.596,0.144,0.275,0.404,0.894,0.848,0.778
11,18,0.013,0.538,0.882,0.044,0.122,0.406,0.669
12,18,0.018,0.86,0.602,0.883,0.696,0.656,0.322
13,18,0.143,0.634,0.409,0.19,0.692,0.481,0.936
14,18,0.064,0.463,0.001,0.237,0.726,0.986,0.316
15,18,0.282,0.108,0.627,0.041,0.408,0.665,0.782
16,18,0.243,0.613,0.631,0.021,0.127,0.668,0.971
17,18,0.126,0.497,0.793,0.497,0.171,0.812,0.58
18,18,0.199,0.288,0.716,0.129,0.708,0.655,0.59
19,18,0.341,0.223,0.464,0.968,0.126,0.239,0.822
20,18,0.927,0.505,0.731,0.071,0.759,0.281,0.2
21,18,0.005,0.369,0.917,0.57,0.681,0.872,0.187
22,18,0.598,0.739,0.021,0.73,0.131,0.211,1.0
23,18,0.059,0.115,0.708,0.0,0.181,0.512,0.518
24,18,0.85,0.219,0.106,0.716,0.425,0.09,0.831
25,18,0.168,0.103,0.879,0.081,0.681,0.49,0.164
26,18,0.223,0.189,0.105,0.162,0.294,0.708,0.217
27,18,0.335,0.0,0.748,0.281,0.925,0.099,0.279
28,18,0.606,0.924,0.042,0.976,0.984,0.432,0.154
29,18,0.285,0.827,0.197,0.547,0.251,0.469,0.057
30,18,0.695,0.179,0.499,0.069,0.528,0.7,0.121
31,18,0.033,0.157,0.409,0.65,0.07,0.192,0.624
32,18,0.017,0.257,0.115,0.198,0.899,0.04,0.281
33,18,0.132,0.153,0.624,0.013,0.679,0.104,0.3
34,18,0.08,0.332,0.131,0.559,0.372,0.303,0.747
37,18,0.511,0.087,0.234,0.352,0.385,0.301,0.246
38,18,0.697,0.347,0.933,0.917,0.282,0.136,0.204
41,18,0.711,0.716,0.844,0.304,0.167,0.977,0.015
44,18,0.526,0.61,0.232,0.59,0.265,0.646,0.836
46,18,0.751,0.787,0.466,0.25,0.274,0.021,0.017
47,18,0.64,0.004,0.966,0.289,0.7,0.16,0.637
49,18,0.663,0.057,0.525,0.214,0.99,0.906,0.664
50,18,0.792,0.455,0.257,0.418,0.675,0.361,0.405
51,18,0.501,0.192,0.611,0.193,0.351,0.223,0.519
0,19,0.858,0.664,0.361,0.773,0.957,0.276,0.99
1,19,0.033,0.44,0.549,0.123,0.757,0.827,0.409
2,19,0.028,0.669,0.301,0.665,0.763,0.658,0.121
3,19,0.676,0.041,0.505,0.143,0.917,0.377,0.09
4,19,0.612,0.275,0.01,0.382,0.97,0.759,0.038
6,19,0.01,0.803,0.854,0.138,0.22,0.333,0.16
7,19,0.699,0.884,0.578,0.462,0.935,0.375,0.943
10,19,0.649,0.849,0.219,0.233,0.198,0.939,0.632
11,19,0.03,0.549,0.441,0.588,0.559,0.138,0.656
12,19,0.614,0.442,0.393,0.715,0.054,0.578,0.545
13,19,0.495,0.549,0.031,0.288,0.346,0.31,0.785
14,19,0.116,0.446,0.152,0.896,0.284,0.801,0.714
16,19,0.979,0.728,0.17,0.545,0.062,0.645,0.825
17,19,0.505,0.225,0.253,0.962,0.97,0.128,0.098
18,19,0.841,0.41,0.668,0.827,0.291,0.282,0.909
19,19,0.239,0.042,0.404,0.72,0.422,0.838,0.986
20,19,0.549,0.615,0.101,0.487,0.713,0.017,0.994
21,19,0.664,0.131,0.019,0.276,0.176,0.596,0.819
22,19,0.064,0.186,0.665,0.694,0.004,0.317,0.648
23,19,0.319,0.484,0.591,0.398,0.677,0.339,0.287
24,19,0.802,0.94,0.888,0.697,0.183,0.676,0.031
25,19,0.678,0.667,0.718,0.686,0.119,0.096,0.928
26,19,0.508,0.475,0.765,0.357,0.795,0.049,0.51
27,19,0.93,0.475,0.327,0.455,0.736,0.803,0.809
28,19,0.638,0.406,0.061,0.658,0.198,0.365,0.303
29,19,0.711,0.291,0.634,0.015,0.694,0.088,0.527
30,19,0.324,0.604,0.066,0.718,0.219,0.107,0.917
31,19,0.272,0.471,0.68,0.868,0.802,0.583,0.591
32,19,0.156,0.938,0.618,0.378,0.845,0.935,0.137
33,19,0.961,0.221,0.425,0.276,0.032,0.202,0.84
34,19,0.967,0.21,0.363,0.265,0.039,0.714,0.538
35,19,0.487,0.118,0.812,0.062,0.017,0.222,0.503
36,19,0.167,0.042,0.701,0.06,0.653,0.872,0.857
38,19,0.07,0.207,0.935,0.366,0.441,0.885,0.533
39,19,0.347,0.118,0.103,0.39,0.345,0.585,0.367
40,19,0.451,0.108,0.887,0.212,0.517,0.575,0.177
41,19,0.43,0.95,0.735,0.544,0.316,0.436,0.606
43,19,0.575,0.544,0.485,0.133,0.409,0.041,0.381
44,19,0.166,0.678,0.651,0.987,0.194,0.063,0.274
46,19,0.584,0.414,0.674,0.398,0.72,0.65,0.441
47,19,0.032,0.95,0.345,0.141,0.332,0.229,0.67
48,19,0.674,0.713,0.89,0.503,0.637,0.101,0.512
49,19,0.845,0.677,0.765,0.919,0.307,0.171,0.75
51,19,0.768,0.918,0.027,0.273,0.656,0.787,0.976
3,20,0.629,0.938,0.401,0.379,0.437,0.555,0.33
4,20,0.183,0.604,0.257,0.838,0.952,0.817,0.711
11,20,0.195,0.677,0.191,0.065,0.976,0.419,0.305
12,20,0.627,0.42,0.556,0.997,0.02,0.069,0.122
13,20,0.005,0.164,0.147,0.767,0.724,0.902,0.441
14,20,0.011,0.077,0.612,0.488,0.987,0.337,0.095
15,20,0.427,0.738,0.284,0.616,0.304,0.968,0.87
16,20,0.831,0.79,0.033,0.061,0.74,0.595,0.766
17,20,0.192,0.965,0.553,0.205,0.544,0.066,0.755
18,20,0.313,0.754,0.183,0.04,0.891,0.105,0.277
19,20,0.231,0.093,0.499,0.216,0.948,0.711,0.355
20,20,0.016,0.776,0.367,0.59,0.447,0.442,0.242
21,20,0.913,0.024,0.48,0.797,0.079,0.328,0.59
22,20,0.972,0.772,0.538,0.731,0.62,0.59,0.754
23,20,0.346,0.984,0.447,0.178,0.796,0.625,0.094
24,20,0.582,0.015,0.679,0.975,0.336,0.17,0.766
25,20,0.801,0.102,0.022,0.365,0.24,0.691,0.586
26,20,0.996,0.19,0.306,0.999,0.511,0.998,0.588
27,20,0.399,0.407,0.387,0.947,0.35,0.284,0.068
28,20,0.884,0.472,0.119,0.041,0.067,0.365,0.506
29,20,0.466,0.0,0.941,0.75,0.108,0.48,0.778
30,20,0.161,0.19,0.784,0.511,0.987,0.906,0.265
31,20,0.858,0.816,0.645,0.47,0.219,0.751,0.77
32,20,0.592,0.497,0.683,0.071,0.741,0.364,0.662
33,20,0.629,0.453,0.637,0.71,0.774,0.518,0.193
34,20,0.084,0.495,0.22,0.073,0.517,0.989,0.444
35,20,0.938,0.244,0.293,0.374,0.434,0.233,0.732
36,20,0.725,0.284,0.276,0.983,0.736,0.4,0.571
37,20,0.211,0.768,0.344,0.859,0.594,0.624,0.21
38,20,0.346,0.177,0.787,0.952,0.347,0.758,0.279
39,20,0.401,0.161,0.451,0.582,0.184,0.245,0.145
40,20,0.118,0.172,0.412,0.838,0.309,0.87,0.083
41,20,0.321,0.717,0.175,0.804,0.285,0.609,0.869
42,20,0.387,0.957,0.996,0.269,0.938,0.562,0.28
43,20,0.711,0.037,0.91,0.443,0.169,0.541,0.986
44,20,0.717,0.618,0.013,0.219,0.368,0.56,0.354
45,20,0.241,0.908,0.376,0.846,0.905,0.94,0.351
46,20,0.458,0.987,0.382,0.952,0.027,0.948,0.08
47,20,0.69,0.251,0.683,0.375,0.91,0.931,0.373
48,20,0.265,0.379,0.479,0.562,0.369,0.627,0.111
49,20,0.168,0.989,0.115,0.886,0.202,0.875,0.766
51,20,0.504,0.72,0.328,0.968,0.963,0.545,0.069
3,21,0.245,0.903,0.146,0.908,0.514,0.241,0.017
10,21,0.864,0.831,0.921,0.837,0.208,0.934,0.127
11,21,0.228,0.972,0.123,0.424,0.43,0.497,0.126
12,21,0.869,0.5,0.163,0.028,0.077,0.475,0.358
13,21,0.379,0.169,0.295,0.001,0.966,0.799,0.011
14,21,0.247,0.487,0.06,0.759,0.922,0.197,0.095
15,21,0.72,0.993,0.149,0.992,0.946,0.531,0.535
16,21,0.196,0.767,0.112,0.96,0.55,0.128,0.545
17,21,0.842,0.744,0.306,0.321,0.754,0.115,0.109
18,21,0.983,0.134,0.807,0.929,0.757,0.7,0.136
19,21,0.586,0.111,0.325,0.756,0.958,0.061,0.129
20,21,0.065,0.421,0.294,0.72,0.812,0.05,0.563
21,21,0.69,0.825,0.301,0.433,0.946,0.481,0.07
22,21,0.05,0.623,0.615,0.499,0.92,0.562,0.101
23,21,0.658,0.304,0.479,0.658,0.465,0.937,0.436
24,21,0.286,0.448,0.415,0.797,0.28,0.803,0.792
25,21,0.424,0.736,0.256,0.421,0.525,0.981,0.025
26,21,0.116,0.642,0.029,0.615,0.033,0.745,0.512
27,21,0.025,0.621,0.238,0.386,0.826,0.049,0.605
28,21,0.693,0.338,0.291,0.094,0.586,0.772,0.88
29,21,0.575,0.357,0.171,0.241,0.596,0.812,0.771
30,21,0.036,0.052,0.701,0.868,0.265,0.38,0.733
31,21,0.776,0.37,0.12,0.151,0.282,0.885,0.073
32,21,0.945,0.208,0.548,0.268,0.689,0.401,0.861
33,21,0.448,0.863,0.033,0.504,0.078,0.883,0.112
34,21,0.432,0.463,0.023,0.217,0.897,0.385,0.55
35,21,0.075,0.305,0.467,0.304,0.278,0.049,0.672
36,21,0.57,0.044,0.521,0.095,0.107,0.387,0.277
37,21,0.793,0.881,0.743,0.947,0.655,0.033,0.278
38,21,0.783,0.909,0.051,0.801,0.652,0.31,0.265
39,21,0.204,0.885,0.281,0.19,0.263,0.185,0.115
40,21,0.121,0.238,0.793,0.733,0.156,0.982,0.423
41,21,0.399,0.827,0.209,0.807,0.12,0.298,0.947
42,21,0.339,0.757,0.448,0.539,0.667,0.765,0.173
43,21,0.721,0.098,0.241,0.995,0.474,0.546,0.01
44,21,0.569,0.406,0.06,0.749,0.617,0.679,0.301
45,21,0.223,0.654,0.312,0.83,0.718,0.321,0.162
46,21,0.45,0.547,0.458,0.792,0.751,0.423,0.197
47,21,0.856,0.786,0.928,0.142,0.226,0.699,0.731
48,21,0.874,0.135,0.919,0.613,0.227,0.338,0.391
49,21,0.818,0.163,0.422,0.846,0.277,0.386,0.572
50,21,0.463,0.964,0.53,0.293,0.756,0.353,0.852
52,21,0.898,0.325,0.847,0.52,0.412,0.651,0.395
9,22,0.471,0.086,0.472,0.86,0.042,0.396,0.35
10,22,0.863,0.368,0.451,0.85,0.559,0.832,0.164
11,22,0.426,0.645,0.561,0.018,0.453,0.022,0.835
12,22,0.773,0.658,0.364,0.782,0.671,0.305,0.606
13,22,0.08,0.982,0.973,0.745,0.493,0.332,0.718
14,22,0.693,0.598,0.115,0.276,0.173,0.773,0.34
15,22,0.012,0.988,0.662,0.908,0.25,0.45,0.194
16,22,0.173,0.814,0.248,0.5,0.489,0.315,0.829
17,22,0.298,0.349,0.889,0.54,0.172,0.963,0.27
18,22,0.886,0.988,0.888,0.714,0.444,0.218,0.476
19,22,0.974,0.98,0.546,0.75,0.776,0.626,0.249
20,22,0.876,0.381,0.696,0.632,0.854,0.651,0.859
21,22,0.076,0.903,0.655,0.528,0.186,0.213,0.034
22,22,0.299,0.839,0.199,0.525,0.369,0.714,0.553
23,22,0.381,0.963,0.822,0.197,0.648,0.143,0.55
24,22,0.011,0.397,0.353,0.885,0.181,0.067,0.194
25,22,0.072,0.077,0.955,0.188,0.368,0.666,0.14
26,22,0.954,0.259,0.303,0.216,0.274,0.87,0.475
27,22,0.118,0.342,0.183,0.773,0.526,0.975,0.616
28,22,0.743,0.346,0.612,0.838,0.068,0.916,0.121
29,22,0.341,0.535,0.07,0.409,0.674,0.507,0.103
30,22,0.834,0.188,0.1,0.352,0.216,0.324,0.665
31,22,0.309,0.215,0.428,0.8,0.983,0.879,0.002
32,22,0.383,0.975,0.597,0.271,0.091,0.753,0.279
33,22,0.184,0.612,0.992,0.542,0.019,0.53,0.944
34,22,0.235,0.009,0.083,0.92,0.862,0.986,0.587
35,22,0.472,0.994,0.572,0.485,0.102,0.97,0.188
36,22,0.006,0.573,0.533,0.511,0.021,0.767,0.578
37,22,0.476,0.722,0.441,0.715,0.363,0.119,0.666
38,22,0.419,0.796,0.356,0.673,0.778,0.103,0.631
39,22,0.875,0.25,0.607,0.203,0.684,0.764,0.861
40,22,0.942,0.494,0.827,0.005,0.184,0.292,0.123
41,22,0.677,0.73,0.209,0.005,0.689,0.292,0.82
42,22,0.672,0.737,0.573,0.661,0.11,0.503,0.077
43,22,0.858,0.685,0.521,0.531,0.107,0.074,0.479
44,22,0.169,0.327,0.855,0.016,0.506,0.461,0.284
46,22,0.363,0.58,0.577,0.016,0.825,0.838,0.049
47,22,0.177,0.098,0.04,0.418,0.879,0.504,0.457
49,22,0.784,0.76,0.125,0.517,0.716,0.329,0.096
50,22,0.098,0.397,0.238,0.716,0.4,0.22,0.689
51,22,0.553,0.602,0.715,0.769,0.119,0.547,0.381
52,22,0.873,0.414,0.274,0.36,0.419,0.028,0.568
10,23,0.249,0.781,0.23,0.808,0.431,0.586,0.922
11,23,0.364,0.098,0.326,0.33,0.692,0.217,0.506
12,23,0.415,0.998,0.668,0.186,0.27,0.129,0.43
13,23,0.155,0.471,0.973,0.335,0.781,0.69,0.389
14,23,0.609,0.213,0.505,0.552,0.65,0.063,0.089
15,23,0.947,0.227,0.234,0.984,0.389,0.199,0.8
16,23,0.983,0.194,0.406,0.203,0.822,0.547,0.174
17,23,0.873,0.532,0.564,0.181,0.935,0.625,0.772
18,23,0.123,0.589,0.831,0.278,0.902,0.478,0.599
19,23,0.823,0.831,0.6,0.764,0.769,0.592,0.758
20,23,0.343,0.008,0.773,0.511,0.495,0.673,0.571
21,23,0.346,0.904,0.679,0.35,0.932,0.272,0.416
22,23,0.545,0.684,0.082,0.509,0.184,0.629,0.564
23,23,0.808,0.393,0.535,0.792,0.878,0.617,0.524
24,23,0.115,0.77,0.514,0.185,0.635,0.14,0.388
25,23,0.351,0.383,0.277,0.321,0.307,0.336,0.359
26,23,0.408,0.319,0.582,0.314,0.77,0.625,0.499
27,23,0.086,0.742,0.26,0.298,0.293,0.702,0.668
28,23,0.619,0.977,0.391,0.332,0.305,0.393,0.405
29,23,0.319,0.508,0.257,0.059,0.827,0.026,0.691
30,23,0.149,0.281,0.797,0.849,0.783,0.875,0.865
31,23,0.351,0.885,0.36,0.445,0.778,0.457,0.717
32,23,0.623,0.591,0.272,0.277,0.593,0.444,0.815
33,23,0.256,0.04,0.273,0.727,0.276,0.978,0.852
34,23,0.306,0.77,0.599,0.177,0.141,0.458,0.247
35,23,0.53,0.128,0.475,0.084,0.45,0.119,0.2
36,23,0.91,0.66,0.34,0.235,0.064,0.467,0.764
37,23,0.154,0.589,0.979,0.893,0.702,0.926,0.406
38,23,0.186,0.737,0.343,0.864,0.23,0.467,0.311
39,23,0.126,0.817,0.543,0.607,0.624,0.05,0.027
40,23,0.165,0.906,0.431,0.297,0.984,0.781,0.566
41,23,0.827,0.552,0.937,0.992,0.25,0.474,0.216
42,23,0.291,0.134,0.968,0.997,0.556,0.993,0.147
43,23,0.127,0.511,0.601,0.306,0.61,0.651,0.236
44,23,0.509,0.454,0.778,0.32,0.853,0.454,0.535
45,23,0.573,0.205,0.882,0.241,0.962,0.19,0.417
46,23,0.076,0.218,0.551,0.189,0.435,0.435,0.923
47,23,0.301,0.519,0.407,0.962,0.023,0.571,0.591
48,23,0.84,0.012,0.195,0.751,0.068,0.939,0.429
49,23,0.75,0.793,0.461,0.111,0.115,0.312,0.939
50,23,0.65,0.669,0.371,0.138,0.793,0.725,0.516
52,23,0.471,0.747,0.704,0.618,0.715,0.427,0.556
55,23,0.263,0.32,0.907,0.308,0.885,0.339,0.691
56,23,0.732,0.276,0.545,0.265,0.634,0.132,0.769
57,23,0.683,0.103,0.458,0.35,0.345,0.084,0.841
9,24,0.965,0.283,0.179,0.746,0.697,0.122,0.841
10,24,0.783,0.256,0.77,0.719,0.284,0.366,0.098
11,24,0.051,0.497,0.655,0.356,0.246,0.762,0.879
12,24,0.407,0.176,0.473,0.516,0.928,0.685,0.086
13,24,0.566,0.183,0.316,0.319,0.126,0.284,0.141
14,24,0.001,0.487,0.049,0.756,0.574,0.329,0.903
15,24,0.162,0.196,0.577,0.252,0.919,0.734,0.384
16,24,0.835,0.127,0.949,0.664,0.685,0.692,0.018
17,24,0.808,0.514,0.91,0.206,0.523,0.192,0.019
18,24,0.361,0.202,0.409,0.95,0.235,0.873,0.998
19,24,0.968,0.029,0.587,0.537,0.588,0.971,0.263
20,24,0.605,0.181,0.966,0.941,0.515,0.173,0.597
21,24,0.213,0.908,0.747,0.288,0.342,0.754,0.433
22,24,0.486,0.138,0.814,0.705,0.282,0.574,0.709
23,24,0.633,0.961,0.533,0.016,0.146,0.54,0.357
24,24,0.553,0.973,0.111,0.148,0.67,0.489,0.264
25,24,0.735,0.888,0.685,0.35,0.889,0.176,0.386
26,24,0.751,0.849,0.327,0.655,0.43,0.812,0.686
27,24,0.747,0.078,0.983,0.585,0.007,0.181,0.84
28,24,0.854,0.383,0.303,0.003,0.506,0.488,0.826
29,24,0.015,0.932,0.758,0.049,0.687,0.177,0.313
30,24,0.092,0.306,0.037,0.525,0.631,0.594,0.069
31,24,0.618,0.045,0.867,0.628,0.237,0.297,0.676
32,24,0.27,0.242,0.677,0.002,0.313,0.854,0.241
33,24,0.762,0.164,0.192,0.421,0.058,0.163,0.958
34,24,0.06,0.418,0.957,0.863,0.149,0.891,0.588
35,24,0.821,0.625,0.577,0.626,0.535,0.066,0.609
36,24,0.79,0.896,0.529,0.818,0.84,0.259,0.764
37,24,0.975,0.885,0.331,0.019,0.94,0.859,0.103
38,24,0.401,0.208,0.405,0.4,0.338,0.835,0.483
39,24,0.331,0.615,0.189,0.724,0.487,0.077,0.539
40,24,0.871,0.662,0.451,0.322,0.261,0.176,0.098
41,24,0.812,0.762,0.041,0.412,0.331,0.89,0.341
42,24,0.312,0.693,0.009,0.002,0.642,0.669,0.047
43,24,0.441,0.05,0.875,0.948,0.672,0.138,0.116
44,24,0.118,0.099,0.707,0.936,0.852,0.847,0.66
45,24,0.276,0.376,0.722,0.612,0.042,0.932,0.771
47,24,0.751,0.412,0.966,0.963,0.671,0.115,0.779
48,24,0.074,0.741,0.522,0.032,0.863,0.776,0.615
49,24,0.851,0.421,0.672,0.867,0.719,0.455,0.792
50,24,0.989,0.99,0.037,0.445,0.755,0.621,0.161
52,24,0.431,0.921,0.448,0.184,0.576,0.229,0.256
0,25,0.944,0.867,0.236,0.893,0.458,0.623,0.144
1,25,0.377,0.657,0.823,0.099,0.354,0.153,0.796
5,25,0.274,0.656,0.665,0.659,0.509,0.048,0.596
6,25,0.969,0.715,0.52,0.858,0.96,0.595,0.728
9,25,0.619,0.87,0.203,0.032,0.237,0.835,0.022
10,25,0.259,0.785,0.949,0.171,0.652,0.801,0.091
11,25,0.882,0.445,0.971,0.399,0.423,0.684,0.941
12,25,0.97,0.773,0.643,0.087,0.994,0.504,0.655
13,25,0.69,0.566,0.146,0.265,0.991,0.162,0.789
15,25,0.366,0.371,0.243,0.311,0.67,0.062,0.259
16,25,0.411,0.799,0.697,0.758,0.845,0.503,1.0
17,25,0.281,0.942,0.077,0.214,0.257,0.895,0.471
18,25,0.071,0.698,0.393,0.92,0.86,0.125,0.471
19,25,0.188,0.984,0.96,0.078,0.958,0.936,0.888
20,25,0.541,0.27,0.558,0.282,0.48,0.257,0.321
21,25,0.66,0.227,0.045,0.88,0.81,0.519,0.113
22,25,0.65,0.174,0.862,0.131,0.821,0.232,0.314
23,25,0.672,0.182,0.691,0.086,0.57,0.535,0.913
24,25,0.581,0.546,0.032,0.781,0.636,0.234,0.472
25,25,0.358,0.848,0.111,0.928,0.176,0.652,0.065
26,25,0.155,0.962,0.81,0.458,0.855,0.89,0.336
27,25,0.598,0.107,0.869,0.944,0.106,0.441,0.292
28,25,0.895,0.995,0.292,0.799,0.72,0.921,0.059
29,25,0.765,0.136,0.59,0.481,0.996,0.298,0.499
30,25,0.304,0.848,0.359,0.487,0.616,0.347,0.036
31,25,0.953,0.269,0.221,0.485,0.015,0.158,0.425
32,25,0.152,0.253,0.722,0.645,0.694,0.197,0.354
33,25,0.232,0.811,0.788,0.454,0.889,0.335,0.651
34,25,0.736,0.735,0.912,0.53,0.463,0.854,0.144
35,25,0.597,0.298,0.962,0.959,0.147,0.577,0.826
36,25,0.424,0.707,0.245,0.909,0.036,0.887,0.499
37,25,0.185,0.784,0.953,0.827,0.717,0.647,0.431
38,25,0.803,0.144,0.255,0.825,0.866,0.891,0.699
39,25,0.515,0.661,0.946,0.487,0.572,0.771,0.507
40,25,0.259,0.026,0.566,0.505,0.328,0.062,0.287
41,25,0.033,0.111,0.019,0.968,0.569,0.466,0.121
42,25,0.512,0.832,0.287,0.303,0.426,0.49,0.36
43,25,0.807,0.005,0.372,0.332,0.232,0.857,0.445
44,25,0.609,0.382,0.05,0.596,0.586,0.221,0.206
45,25,0.107,0.407,0.58,0.883,0.892,0.677,0.584
47,25,0.216,0.253,0.843,0.92,0.039,0.013,0.184
48,25,0.567,0.631,0.647,0.362,0.778,0.473,0.175
49,25,0.804,0.852,0.069,0.978,0.72,0.178,0.62
50,25,0.717,0.702,0.921,0.874,0.53,0.43,0.8
0,26,0.258,0.821,0.931,0.128,0.432,0.376,0.367
1,26,0.222,0.457,0.974,0.379,0.659,0.669,0.678
9,26,0.504,0.381,0.28,0.828,0.638,0.458,0.015
10,26,0.1,0.882,0.745,0.005,0.928,0.194,0.063
11,26,0.734,0.191,0.877,0.27,0.174,0.015,0.79
12,26,0.948,0.295,0.391,0.171,0.139,0.06,0.213
13,26,0.171,0.792,0.999,0.938,0.345,0.188,0.521
15,26,0.426,0.152,0.658,0.241,0.068,0.517,0.529
16,26,0.216,0.984,0.714,0.334,0.994,0.606,0.008
17,26,0.611,0.391,0.549,0.147,0.995,0.744,0.372
18,26,0.778,0.627,0.093,0.625,0.745,0.448,0.626
19,26,0.263,0.222,0.821,0.237,0.991,0.128,0.512
20,26,0.611,0.19,0.735,0.771,0.857,0.451,0.498
21,26,0.685,0.636,0.657,0.451,0.824,0.076,0.475
22,26,0.476,0.499,0.535,0.356,0.101,0.683,0.875
23,26,0.447,0.863,0.821,0.374,0.059,0.188,0.938
24,26,0.586,0.466,0.099,0.872,0.53,0.856,0.049
25,26,0.758,0.323,0.07,0.515,0.315,0.656,0.398
26,26,0.646,0.434,0.877,0.188,0.365,0.973,0.144
27,26,0.867,0.233,0.826,0.719,0.908,0.967,0.426
28,26,0.652,0.958,0.986,0.419,0.355,0.566,0.06
29,26,0.439,0.123,0.005,0.71,0.438,0.001,0.683
30,26,0.749,0.385,0.338,0.75,0.426,0.951,0.369
31,26,0.497,0.888,0.823,0.627,0.624,0.465,0.858
32,26,0.958,0.533,0.316,0.395,0.599,0.701,0.429
33,26,0.615,0.72,0.489,0.4,0.894,0.188,0.681
34,26,0.134,0.841,0.243,0.839,0.233,0.535,0.691
35,26,0.751,0.525,0.353,0.698,0.344,0.555,0.959
36,26,0.364,0.243,0.499,0.025,0.139,0.295,0.567
37,26,0.486,0.068,0.52,0.847,0.114,0.257,0.79
38,26,0.789,0.095,0.862,0.358,0.467,0.815,0.013
39,26,0.796,0.213,0.772,0.905,0.199,0.719,0.309
40,26,0.105,0.555,0.476,0.437,0.949,0.969,0.231
41,26,0.783,0.347,0.576,0.022,0.741,0.862,0.275
42,26,0.731,0.545,0.477,0.002,0.659,0.393,0.167
48,26,0.18,0.181,0.199,0.401,0.942,0.013,0.208
49,26,0.791,0.673,0.787,0.905,0.199,0.214,0.921
50,26,0.159,0.189,0.182,0.905,0.722,0.713,0.495
52,26,0.125,0.776,0.742,0.898,0.381,0.587,0.424
1,27,0.536,0.741,0.6,0.813,0.131,0.622,0.243
2,27,0.493,0.906,0.678,0.346,0.989,0.695,0.117
10,27,0.16,0.076,0.292,0.66,0.379,0.774,0.754
11,27,0.384,0.007,0.121,0.278,0.105,0.817,0.202
12,27,0.637,0.759,0.376,0.424,0.335,0.867,0.711
13,27,0.553,0.828,0.544,0.087,0.46,0.653,0.581
14,27,0.969,0.801,0.468,0.591,0.144,0.968,0.195
15,27,0.258,0.586,0.478,0.847,0.32,0.457,0.93
16,27,0.379,0.939,0.858,0.778,0.77,0.804,0.071
17,27,0.69,0.209,0.497,0.736,0.356,0.083,0.426
18,27,0.585,0.668,0.51,0.241,0.395,0.066,0.138
19,27,0.055,0.82,0.818,0.441,0.605,0.602,0.656
20,27,0.384,0.905,0.957,0.328,0.779,0.588,0.266
21,27,0.778,0.363,0.947,0.607,0.463,0.358,0.556
22,27,0.971,0.779,0.489,0.91,0.003,0.828,0.48
23,27,0.376,0.499,0.327,0.103,0.949,0.438,0.083
24,27,0.226,0.22,0.065,0.672,0.999,0.233,0.833
25,27,0.499,0.215,0.993,0.369,0.118,0.299,0.373
26,27,0.62,0.527,0.695,0.873,0.531,0.3,0.93
27,27,0.335,0.398,0.577,0.828,0.813,0.6,0.555
28,27,0.895,0.34,0.12,0.405,0.802,0.472,0.274
29,27,0.049,0.004,0.151,0.109,0.486,0.603,0.233
30,27,0.513,0.857,0.777,0.946,0.146,0.617,0.259
31,27,0.802,0.586,0.641,0.519,0.778,0.137,0.989
32,27,0.116,0.832,0.223,0.627,0.402,0.705,0.815
33,27,0.752,0.054,0.274,0.474,0.346,0.03,0.864
34,27,0.119,0.483,0.896,0.155,0.143,0.064,0.08
35,27,0.305,0.011,0.652,0.821,0.049,0.721,0.462
36,27,0.778,0.874,0.909,0.496,0.351,0.435,0.205
37,27,0.467,0.697,0.856,0.118,0.072,0.432,0.758
38,27,0.423,0.65,0.015,0.099,0.634,0.775,0.794
39,27,0.136,0.187,0.956,0.362,0.308,0.607,0.29
40,27,0.264,0.375,0.772,0.187,0.006,0.167,0.678
41,27,0.777,0.583,0.467,0.934,0.365,0.779,0.605
42,27,0.248,0.711,0.996,0.731,0.208,0.746,0.644
46,27,0.658,0.48,0.098,0.872,0.532,0.509,0.595
47,27,0.32,0.476,0.898,0.175,0.216,0.611,0.633
48,27,0.941,0.117,0.676,0.138,0.725,0.341,0.618
49,27,0.225,0.002,0.635,0.168,0.505,0.409,0.054
50,27,0.438,0.924,0.04,0.287,0.659,0.797,0.835
51,27,0.293,0.156,0.908,0.962,0.184,0.175,0.846
52,27,0.738,0.79,0.268,0.186,0.284,0.541,0.743
0,28,0.155,0.244,0.664,0.581,0.535,0.662,0.43
1,28,0.935,0.362,0.066,0.677,0.479,0.797,0.141
3,28,0.39,0.159,0.147,0.698,0.743,0.459,0.457
11,28,0.464,0.178,0.696,0.252,0.888,0.79,0.236
12,28,0.969,0.405,0.931,0.056,0.394,0.176,0.276
13,28,0.385,0.641,0.016,0.797,0.122,0.167,0.914
14,28,0.095,0.817,0.325,0.501,0.722,0.342,0.534
15,28,0.976,0.199,0.203,0.201,0.84,0.226,0.857
16,28,0.965,0.258,0.153,0.831,0.03,0.962,0.325
17,28,0.673,0.639,0.943,0.013,0.575,0.283,0.82
18,28,0.375,0.673,0.252,0.975,0.926,0.564,0.756
19,28,0.129,0.505,0.576,0.822,0.442,0.841,0.609
20,28,0.005,0.626,0.756,0.06,0.784,0.141,0.601
21,28,0.734,0.692,0.175,0.451,0.13,0.14,0.39
22,28,0.002,0.798,0.012,0.113,0.518,0.572,0.129
23,28,0.07,0.129,0.249,0.607,0.404,0.396,0.11
24,28,0.87,0.545,0.023,0.952,0.828,0.617,0.275
25,28,0.003,0.115,0.396,0.325,0.62,0.906,0.363
26,28,0.4,0.473,0.638,0.536,0.869,0.366,0.789
27,28,0.599,0.859,0.185,0.454,0.787,0.433,0.053
28,28,0.793,0.552,0.44,0.245,0.018,0.622,0.52
29,28,0.994,0.397,0.16,0.728,0.45,0.822,0.72
30,28,0.026,0.953,0.436,0.795,0.03,0.084,0.104
31,28,0.899,0.155,0.068,0.374,0.9,0.905,0.358
32,28,0.645,0.495,0.782,0.509,0.899,0.604,0.972
33,28,0.692,0.795,0.748,0.168,0.432,0.852,0.839
34,28,0.704,0.736,0.312,0.743,0.858,0.849,0.808
35,28,0.021,0.942,0.641,0.847,0.948,0.943,0.518
36,28,0.429,0.519,0.508,0.3,0.541,0.419,0.238
37,28,0.58,0.996,0.36,0.632,0.167,0.267,0.133
38,28,0.39,0.241,0.745,0.203,0.488,0.678,0.834
39,28,0.067,0.504,0.661,0.121,0.312,0.592,0.815
40,28,0.122,0.562,0.827,0.069,0.206,0.761,0.049
41,28,0.553,0.195,0.412,0.143,0.047,0.473,0.064
47,28,0.46,0.628,0.852,0.002,0.645,0.904,0.379
48,28,0.093,0.501,0.544,0.019,0.633,0.356,0.804
49,28,0.635,0.417,0.724,0.837,0.273,0.734,0.715
50,28,0.515,0.173,0.784,0.923,0.197,0.145,0.928
11,29,0.997,0.443,0.983,0.571,0.658,0.338,0.319
12,29,0.196,0.337,0.683,0.11,0.295,0.533,0.257
13,29,0.038,0.466,0.351,0.723,0.447,0.371,0.117
14,29,0.267,0.08,0.567,0.025,0.031,0.504,0.471
15,29,0.764,0.573,0.861,0.192,0.854,0.598,0.735
17,29,0.141,0.742,0.215,0.3,0.137,0.534,0.277
18,29,0.264,0.283,0.114,0.854,0.654,0.282,0.6
19,29,0.437,0.294,0.326,0.193,0.011,0.569,0.92
20,29,0.681,0.031,0.581,0.702,0.885,0.959,0.474
21,29,0.828,0.302,0.925,0.693,0.288,0.554,0.223
22,29,0.944,0.313,0.64,0.861,0.919,0.103,0.477
23,29,0.021,0.504,0.238,0.904,0.194,0.331,0.739
24,29,0.376,0.634,0.157,0.887,0.201,0.189,0.587
25,29,0.001,0.036,0.695,0.739,0.473,0.913,0.941
26,29,0.961,0.061,0.126,0.76,0.129,0.691,0.261
27,29,0.67,0.507,0.098,0.666,0.28,0.316,0.664
28,29,0.239,0.075,0.025,0.846,0.934,0.633,0.806
29,29,0.77,0.111,0.334,0.368,0.52,0.075,0.37
30,29,0.919,0.955,0.99,0.912,0.973,0.917,0.844
31,29,0.911,0.899,0.016,0.336,0.701,0.299,0.85
32,29,0.297,0.851,0.051,0.263,0.297,0.143,0.813
33,29,0.107,0.426,0.292,0.613,0.604,0.884,0.439
34,29,0.857,0.813,0.27,0.018,0.79,0.054,0.33
35,29,0.523,0.366,0.139,0.136,0.871,0.709,0.033
36,29,0.126,0.331,0.148,0.702,0.099,0.233,0.353
37,29,0.93,0.648,0.946,0.382,0.677,0.456,0.171
38,29,0.543,0.618,0.695,0.796,0.811,0.566,0.317
47,29,0.58,0.237,0.433,0.018,0.733,0.06,0.968
48,29,0.229,0.133,0.52,0.167,0.859,0.623,0.019
49,29,0.168,0.589,0.83,0.59,0.235,0.073,0.095
51,29,0.29,0.242,0.16,0.408,0.385,0.905,0.794
52,29,0.707,0.622,0.317,0.345,0.646,0.99,0.098
3,30,0.445,0.401,0.977,0.305,0.174,0.988,0.871
4,30,0.252,0.307,0.663,0.721,0.046,0.935,0.012
10,30,0.93,0.485,0.125,0.265,0.382,0.12,0.177
11,30,0.803,0.084,0.52,0.761,0.31,0.246,0.811
12,30,0.507,0.14,0.728,0.099,0.73,0.509,0.337
13,30,0.58,0.091,0.643,0.221,0.998,0.792,0.111
14,30,0.331,0.237,0.032,0.374,0.944,0.44,0.926
18,30,0.946,0.423,0.665,0.995,0.979,0.577,0.884
19,30,0.551,0.604,0.71,0.485,0.783,0.232,0.005
20,30,0.532,0.609,0.481,0.483,0.737,0.792,0.254
21,30,0.61,0.288,0.891,0.167,0.301,0.569,0.243
22,30,0.548,0.783,0.973,0.901,0.563,0.375,0.233
23,30,0.061,0.224,0.513,0.925,0.72,0.696,0.804
24,30,0.291,0.586,0.512,0.544,0.429,0.569,0.526
25,30,0.463,0.699,0.972,0.48,0.655,0.034,0.418
26,30,0.875,0.842,0.455,0.414,0.659,0.714,0.215
27,30,0.723,0.879,0.966,0.371,0.914,0.463,0.533
28,30,0.668,0.896,0.674,0.228,0.553,0.586,0.744
29,30,0.886,0.727,0.82,0.958,0.805,0.241,0.124
30,30,0.706,0.785,0.913,0.064,0.261,0.007,0.863
31,30,0.965,0.62,0.651,0.672,0.946,0.951,0.867
32,30,0.676,0.141,0.127,0.453,0.594,0.747,0.701
33,30,0.371,0.002,0.207,0.644,0.154,0.44,0.866
34,30,0.464,0.113,0.077,0.62,0.537,0.328,0.163
35,30,0.274,0.437,0.635,0.093,0.378,0.247,0.419
49,30,0.556,0.98,0.049,0.176,0.095,0.764,0.61
51,30,0.729,0.512,0.196,0.419,0.607,0.442,0.631
52,30,0.413,0.884,0.354,0.081,0.717,0.573,0.803
53,30,0.109,0.411,0.878,0.799,0.56,0.254,0.998
2,31,0.129,0.827,0.738,0.706,0.64,0.094,0.511
3,31,0.671,0.453,0.092,0.77,0.3,0.281,0.859
11,31,0.099,0.148,0.451,0.682,0.997,0.801,0.199
12,31,0.65,0.747,0.399,0.976,0.871,0.507,0.419
13,31,0.166,0.183,0.538,0.758,0.82,0.254,0.427
14,31,0.672,0.793,0.987,0.789,0.573,0.916,0.424
17,31,0.992,0.576,0.026,0.236,0.815,0.347,0.377
18,31,0.484,0.619,0.579,0.32,0.002,0.5,0.32
19,31,0.237,0.453,0.222,0.482,0.808,0.215,0.224
20,31,0.343,0.613,0.76,0.747,0.939,0.101,0.251
21,31,0.898,0.372,0.545,0.042,0.526,0.899,0.689
22,31,0.043,0.426,0.867,0.494,0.268,0.675,0.8
23,31,0.776,0.361,0.178,0.315,1.0,0.099,0.128
24,31,0.713,0.467,0.288,0.373,0.025,0.134,0.849
25,31,0.436,0.253,0.768,0.824,0.2,0.311,0.391
26,31,0.819,0.886,0.773,0.264,0.992,0.946,0.793
27,31,0.848,0.742,0.19,0.985,0.425,0.558,0.679
28,31,0.966,0.164,0.372,0.541,0.601,0.057,0.883
29,31,0.315,0.199,0.928,0.909,0.061,0.626,0.241
30,31,0.045,0.032,0.809,0.104,0.877,0.762,0.225
31,31,0.278,0.017,0.015,0.568,0.37,0.634,0.98
32,31,0.248,0.754,0.227,0.431,0.909,0.796,0.798
34,31,0.106,0.158,0.822,0.559,0.961,0.562,0.766
36,31,0.682,0.75,0.664,0.015,0.211,0.11,0.645
49,31,0.018,0.836,0.242,0.002,0.026,0.694,0.52
50,31,0.935,0.967,0.302,0.569,0.377,0.469,0.878
1,32,0.041,0.598,0.529,0.13,0.556,0.659,0.024
2,32,0.343,0.192,0.295,0.697,0.346,0.004,0.572
3,32,0.079,0.679,0.783,0.431,0.991,0.714,0.601
13,32,0.375,0.331,0.811,0.181,0.681,0.351,0.13
14,32,0.923,0.203,0.934,0.051,0.636,0.583,0.617
17,32,0.796,0.973,0.299,0.878,0.427,0.499,0.18
18,32,0.02,0.753,0.627,0.898,0.142,0.871,0.969
19,32,0.732,0.056,0.469,0.386,0.095,0.913,0.207
20,32,0.089,0.869,0.512,0.657,0.055,0.94,0.134
21,32,0.701,0.351,0.647,0.434,0.975,0.18,0.451
22,32,0.733,0.219,0.618,0.563,0.171,0.819,0.762
23,32,0.913,0.557,0.744,0.894,0.435,0.931,0.806
24,32,0.553,0.041,0.287,0.46,0.572,0.927,0.079
25,32,0.456,0.377,0.219,0.102,0.441,0.007,0.313
26,32,0.158,0.253,0.849,0.865,0.838,0.324,0.462
27,32,0.683,0.084,0.137,0.659,0.117,0.757,0.562
28,32,0.47,0.947,0.604,0.962,0.579,0.103,0.181
29,32,0.594,0.394,0.5,0.696,0.796,0.746,0.876
30,32,0.679,0.158,0.772,0.44,0.91,0.677,0.642
31,32,0.29,0.007,0.65,0.131,0.013,0.149,0.426
33,32,0.778,0.421,0.241,0.694,0.4,0.5,0.305
34,32,0.372,0.697,0.19,0.869,0.431,0.469,0.93
53,32,0.015,0.83,0.855,0.643,0.783,0.954,0.552
4,33,0.473,0.11,0.083,0.816,0.161,0.731,0.266
13,33,0.401,0.013,0.644,0.86,0.163,0.528,0.325
18,33,0.19,0.374,0.529,0.341,0.345,0.616,0.671
19,33,0.585,0.478,0.548,0.139,0.988,0.323,0.986
20,33,0.142,0.82,0.207,0.01,0.291,0.934,0.034
21,33,0.001,0.885,0.734,0.687,0.736,0.892,0.629
22,33,0.154,0.605,0.834,0.404,0.924,0.572,0.559
23,33,0.168,0.799,0.163,0.41,0.531,0.199,0.889
24,33,0.523,0.274,0.693,0.363,0.389,0.222,0.708
25,33,0.213,0.381,0.007,0.903,0.203,0.474,0.33
26,33,0.078,0.878,0.665,0.067,0.32,0.177,0.687
27,33,0.45,0.126,0.003,0.248,0.151,0.483,0.491
28,33,0.271,0.071,0.152,0.303,0.798,0.316,0.179
29,33,0.777,0.786,0.477,0.879,0.05,0.053,0.019
30,33,0.54,0.453,0.701,0.649,0.45,0.215,0.956
31,33,0.574,0.821,0.719,0.399,0.831,0.208,0.411
32,33,0.907,0.495,0.132,0.882,0.566,0.442,0.136
33,33,0.687,0.232,0.437,0.648,0.611,0.708,0.798
34,33,0.386,0.581,0.732,0.037,0.016,0.993,0.838
4,34,0.293,0.002,0.668,0.025,0.644,0.405,0.991
18,34,0.227,0.599,0.962,0.282,0.977,0.784,0.984
19,34,0.181,0.176,0.618,0.873,0.755,0.2,0.126
20,34,0.779,0.844,0.941,0.872,0.018,0.611,0.396
21,34,0.909,0.019,0.393,0.397,0.983,0.222,0.502
22,34,0.974,0.651,0.295,0.289,0.955,0.276,0.034
23,34,0.256,0.511,0.241,0.884,0.101,0.254,0.848
24,34,0.048,0.462,0.967,0.351,0.718,0.027,0.03
25,34,0.473,0.019,0.631,0.323,0.374,0.825,0.115
26,34,0.702,0.519,0.091,0.282,0.804,0.599,0.241
27,34,0.463,0.373,0.298,0.239,0.126,0.047,0.634
28,34,0.142,0.682,0.696,0.006,0.609,0.301,0.9
29,34,0.547,0.712,0.117,0.905,0.93,0.519,0.573
30,34,0.212,0.419,0.489,0.831,0.428,0.991,0.737
31,34,0.87,0.932,0.793,0.58,0.821,0.538,0.721
32,34,0.216,0.201,0.847,0.72,0.488,0.944,0.98
33,34,0.529,0.83,0.799,0.704,0.164,0.95,0.918
34,34,0.884,0.046,0.966,0.345,0.483,0.769,0.033
74,34,0.56,0.804,0.181,0.843,0.01,0.805,0.006
3,35,0.104,0.083,0.606,0.828,0.268,0.024,0.585
4,35,0.657,0.039,0.673,0.027,0.717,0.455,0.393
18,35,0.105,0.554,0.224,0.785,0.184,0.902,0.155
19,35,0.035,0.051,0.512,0.314,0.667,0.275,0.315
20,35,0.696,0.449,0.306,0.855,0.643,0.12,0.264
21,35,0.758,0.374,0.364,0.607,0.792,0.043,0.939
22,35,0.395,0.746,0.067,0.675,0.342,0.215,0.765
23,35,0.592,0.508,0.333,0.072,0.798,0.343,0.709
24,35,0.282,0.396,0.234,0.277,0.241,0.439,0.623
25,35,0.178,0.692,0.219,0.317,0.59,0.88,0.62
26,35,0.079,0.092,0.861,0.24,0.748,0.849,0.572
27,35,0.801,0.573,0.42,0.135,0.212,0.479,0.441
28,35,0.501,0.237,0.275,0.013,0.573,0.752,0.694
29,35,0.704,0.261,0.686,0.329,0.186,0.338,0.616
30,35,0.281,0.884,0.501,0.306,0.894,0.062,0.655
31,35,0.514,0.985,0.436,0.546,0.745,0.462,0.535
32,35,0.389,0.882,0.985,0.016,0.344,0.237,0.067
33,35,0.814,0.326,0.601,0.86,0.73,0.01,0.041
34,35,0.568,0.164,0.946,0.347,0.757,0.539,0.843
35,35,0.272,0.912,0.393,0.22,0.641,0.432,0.286
39,35,0.255,0.247,0.054,0.484,0.716,0.116,0.568
55,35,0.62,0.967,0.459,0.839,0.296,0.285,0.265
0,36,0.796,0.778,0.603,0.179,0.113,0.97,0.631
7,36,0.183,0.34,0.25,0.819,0.075,0.556,0.739
17,36,0.443,0.066,0.814,0.47,0.284,0.351,0.961
18,36,0.272,0.089,0.62,0.082,0.662,0.573,0.087
19,36,0.782,0.8,0.339,0.733,0.634,0.171,0.921
20,36,0.962,0.361,0.224,0.385,0.121,0.922,0.537
21,36,0.028,0.313,0.447,0.286,0.396,0.836,0.47
22,36,0.933,0.125,0.099,0.141,0.212,0.687,0.038
23,36,0.595,0.037,0.784,0.141,0.293,0.304,0.127
24,36,0.313,0.055,0.644,0.082,0.045,0.547,0.474
25,36,0.469,0.741,0.019,0.508,0.396,0.82,0.543
26,36,0.504,0.401,0.209,0.635,0.684,0.972,0.824
27,36,0.192,0.793,0.386,0.729,0.113,0.964,0.023
28,36,0.91,0.311,0.888,0.292,0.994,0.524,0.081
29,36,0.454,0.585,0.541,0.616,0.046,0.068,0.772
30,36,0.72,0.637,0.443,0.589,0.71,0.325,0.606
31,36,0.122,0.003,0.221,0.979,0.237,0.393,0.13
32,36,0.853,0.07,0.849,0.393,0.946,0.141,0.823
33,36,0.006,0.75,0.06,0.405,0.234,0.354,0.017
34,36,0.162,0.156,0.588,0.578,0.865,0.895,0.17
35,36,0.658,0.023,0.098,0.041,0.015,0.754,0.333
36,36,0.933,0.793,0.328,0.381,0.929,0.431,0.113
37,36,0.301,0.363,0.502,0.072,0.689,0.781,0.382
46,36,0.913,0.975,0.13,0.569,0.196,0.269,0.818
53,36,0.485,0.637,0.346,0.374,0.703,0.826,0.123
0,37,0.352,0.437,0.297,0.659,0.529,0.491,0.85
6,37,0.988,0.971,0.035,0.087,0.998,0.935,0.217
18,37,0.793,0.383,0.22,0.302,0.194,0.568,0.343
19,37,0.73,0.997,0.663,0.42,0.68,0.215,0.097
20,37,0.723,0.301,0.783,0.137,0.754,0.628,0.377
21,37,0.009,0.907,0.755,0.809,0.02,0.338,0.081
22,37,0.018,0.912,0.062,0.826,0.265,0.89,0.432
23,37,0.663,0.874,0.456,0.766,0.1,0.351,0.446
24,37,0.022,0.449,0.109,0.697,0.09,0.209,0.314
25,37,0.471,0.552,0.719,0.21,0.921,0.85,0.137
26,37,0.127,0.25,0.919,0.724,0.175,0.218,0.422
27,37,0.918,0.114,0.762,0.846,0.488,0.744,0.413
28,37,0.069,0.952,0.275,0.202,0.965,0.249,0.096
29,37,0.247,0.046,0.823,0.799,0.148,0.552,0.929
30,37,0.533,0.931,0.118,0.237,0.244,0.543,0.73
31,37,0.724,0.73,0.515,0.353,0.763,0.55,0.544
32,37,0.371,0.022,0.983,0.642,0.661,0.356,0.434
33,37,0.742,0.469,0.301,0.027,0.31,0.346,0.348
34,37,0.455,0.105,0.212,0.715,0.377,0.208,0.963
35,37,0.393,0.728,0.741,0.782,0.951,0.772,0.923
75,37,0.456,0.284,0.006,0.253,0.5,0.116,0.943
0,38,0.954,0.606,0.758,0.445,0.089,0.201,0.749
1,38,0.058,0.53,0.604,0.244,0.549,0.76,0.151
2,38,0.905,0.593,0.903,0.113,0.456,0.864,0.645
3,38,0.786,0.592,0.232,0.151,0.258,0.466,0.703
19,38,0.74,0.629,0.551,0.607,0.63,0.868,0.127
20,38,0.584,0.931,0.917,0.939,0.037,0.301,0.975
21,38,0.806,0.602,0.651,0.713,0.995,0.855,0.614
22,38,0.503,0.072,0.675,0.36,0.683,0.784,0.747
23,38,0.924,0.025,0.396,0.11,0.175,0.596,0.279
24,38,0.68,0.381,0.341,0.192,0.674,0.85,0.692
25,38,0.013,0.906,0.561,0.165,0.485,0.619,0.799
26,38,0.121,0.355,0.19,0.781,0.728,0.867,0.664
27,38,0.285,0.424,0.805,0.552,0.443,0.443,0.398
28,38,0.829,0.455,0.003,0.915,0.039,0.773,0.303
29,38,0.245,0.016,0.628,0.937,0.218,0.245,0.404
30,38,0.558,0.54,0.939,0.707,0.719,0.221,0.15
31,38,0.913,0.53,0.223,0.114,0.837,0.401,0.099
32,38,0.823,0.372,0.962,0.87,0.169,0.14,0.888
33,38,0.266,0.799,0.077,0.778,0.336,0.401,0.274
76,38,0.28,0.566,0.965,0.791,0.98,0.083,0.226
0,39,0.709,0.362,0.341,0.485,0.483,0.599,0.152
1,39,0.989,0.783,0.207,0.89,0.425,0.572,0.665
2,39,0.364,0.963,0.938,0.229,0.128,0.811,0.416
4,39,0.722,0.103,0.255,0.384,0.041,0.095,0.435
5,39,0.856,0.088,0.942,0.711,0.551,0.632,0.585
19,39,0.772,0.937,0.947,0.545,0.12,0.342,0.892
20,39,0.254,0.721,0.301,0.487,0.944,0.377,0.029
21,39,0.524,0.748,0.549,0.091,0.936,0.752,0.239
22,39,0.071,0.081,0.523,0.714,0.88,0.953,0.283
23,39,0.02,0.358,0.02,0.201,0.53,0.583,0.955
24,39,0.504,0.442,0.216,0.06,0.33,0.875,0.204
26,39,0.345,0.743,0.884,0.207,0.881,0.153,0.437
27,39,0.692,0.96,0.656,0.13,0.633,0.824,0.611
28,39,0.189,0.779,0.106,0.776,0.442,0.095,0.239
29,39,0.121,0.642,0.594,0.882,0.799,0.836,0.403
31,39,0.82,0.071,0.384,0.395,0.062,0.654,0.964
33,39,0.848,0.01,0.284,0.741,0.179,0.474,0.442
0,40,0.362,0.756,0.964,0.489,0.759,0.554,0.619
1,40,0.332,0.467,0.793,0.249,0.11,0.474,0.226
2,40,0.49,0.029,0.883,0.232,0.059,0.499,0.718
3,40,0.832,0.11,0.636,0.619,0.414,0.242,0.229
11,40,0.285,0.527,0.316,0.555,0.569,0.53,0.085
20,40,0.288,0.53,0.324,0.079,0.188,0.101,0.91
21,40,0.491,0.013,0.966,0.029,0.357,0.108,0.635
22,40,0.43,0.901,0.401,0.72,0.499,0.929,0.107
26,40,0.139,0.966,0.763,0.352,0.912,0.657,0.232
30,40,0.712,0.571,0.269,0.35,0.5,0.742,0.279
31,40,0.218,0.407,0.257,0.646,0.434,0.475,0.112
32,40,0.86,0.991,0.029,0.151,0.374,0.945,0.443
33,40,0.473,0.673,0.685,0.799,0.625,1.0,0.085
34,40,0.228,0.707,0.56,0.388,0.76,0.212,0.98
35,40,0.186,0.218,0.707,0.181,0.376,0.42,0.955
0,41,0.783,0.592,0.261,0.621,0.327,0.437,0.517
1,41,0.955,0.575,0.853,0.855,0.247,0.163,0.385
2,41,0.996,0.443,0.373,0.498,0.289,0.851,0.754
12,41,0.748,0.881,0.163,0.192,0.997,0.853,0.76
13,41,0.692,0.254,0.305,0.638,0.229,0.291,0.394
14,41,0.456,0.563,0.708,0.039,0.685,0.534,0.38
18,41,0.932,0.926,0.748,0.738,0.126,0.155,0.944
19,41,0.884,0.418,0.68,0.005,0.749,0.014,0.543
20,41,0.342,0.859,0.766,0.923,0.786,0.229,0.036
21,41,0.185,0.742,0.537,0.036,0.575,0.632,0.546
22,41,0.103,0.016,0.836,0.332,0.219,0.317,0.433
31,41,0.578,0.39,0.184,0.392,0.46,0.049,0.839
32,41,0.488,0.163,0.682,0.12,0.974,0.046,0.315
46,41,0.862,0.373,0.475,0.147,0.896,0.23,0.035
0,42,0.185,0.883,0.704,0.418,0.392,0.068,0.766
1,42,0.04,0.656,0.61,0.288,0.92,0.809,0.539
2,42,0.761,0.324,0.194,0.271,0.374,0.116,0.341
11,42,0.415,0.053,0.057,0.628,0.286,0.485,0.289
12,42,0.267,0.382,0.591,0.356,0.063,0.179,0.757
13,42,0.472,0.923,0.252,0.577,0.016,0.183,0.13
14,42,0.473,0.802,0.263,0.648,0.721,0.835,0.624
18,42,0.158,0.737,0.502,0.024,0.86,0.236,0.911
19,42,0.301,0.23,0.367,0.467,0.556,0.299,0.337
20,42,0.798,0.349,0.395,0.869,0.661,0.724,0.809
21,42,0.217,0.775,0.33,0.174,0.414,0.199,0.106
22,42,0.155,0.954,0.843,0.323,0.02,0.67,0.935
23,42,0.334,0.83,0.353,0.044,0.655,0.148,0.137
36,42,0.152,0.165,0.76,0.635,0.811,0.733,0.572
78,42,0.428,0.393,0.478,0.556,0.465,0.764,0.147
0,43,0.415,0.289,0.147,0.949,0.035,0.47,0.903
1,43,0.991,0.305,0.584,0.479,0.912,0.332,0.439
2,43,0.43,0.615,0.976,0.714,0.039,0.268,0.815
10,43,0.428,0.067,0.129,0.135,0.435,0.379,0.107
11,43,0.99,0.435,0.582,0.017,0.991,0.78,0.76
12,43,0.404,0.738,0.378,0.529,0.152,0.16,0.971
13,43,0.499,0.869,0.069,0.896,0.288,0.947,0.569
14,43,0.365,0.396,0.682,0.144,0.938,0.114,0.075
18,43,0.717,0.588,0.014,0.606,0.402,0.405,0.408
19,43,0.547,0.157,0.24,0.38,0.357,0.614,0.146
20,43,0.972,0.319,0.793,0.031,0.343,0.192,0.731
21,43,0.636,0.388,0.889,0.376,0.564,0.505,0.229
22,43,0.507,0.195,0.081,0.906,0.999,0.541,0.129
23,43,0.43,0.643,0.543,0.81,0.832,0.903,0.884
33,43,0.25,0.736,0.713,0.461,0.543,0.39,0.131
35,43,0.678,0.157,0.719,0.265,0.869,0.275,0.95
36,43,0.575,0.307,0.066,0.744,0.549,0.867,0.93
0,44,0.261,0.943,0.174,0.559,0.366,0.841,0.874
1,44,0.766,0.023,0.358,0.034,0.097,0.889,0.258
2,44,0.184,0.344,0.298,0.422,0.557,0.574,0.562
5,44,0.363,0.651,0.989,0.649,0.954,0.832,0.059
8,44,0.295,0.229,0.627,0.675,0.162,0.17,0.652
9,44,0.587,0.846,0.323,0.008,0.54,0.501,0.034
11,44,0.136,0.287,0.459,0.655,0.218,0.018,0.726
12,44,0.452,0.467,0.274,0.421,0.438,0.668,0.666
13,44,0.182,0.679,0.98,0.072,0.417,0.539,0.303
14,44,0.44,0.726,0.822,0.347,0.082,0.125,0.144
15,44,0.441,0.282,0.904,0.886,0.169,0.882,0.569
16,44,0.404,0.831,0.088,0.261,0.905,0.491,0.999
18,44,0.381,0.643,0.708,0.659,0.368,0.917,0.0
19,44,0.89,0.151,0.136,0.672,0.125,0.818,0.697
20,44,0.542,0.761,0.472,0.939,0.783,0.042,0.809
21,44,0.396,0.539,0.59,0.303,0.039,0.193,0.459
22,44,0.656,0.948,0.127,0.011,0.943,0.864,0.095
32,44,0.488,0.667,0.937,0.642,0.804,0.21,0.446
33,44,0.992,0.211,0.735,0.145,0.106,0.519,0.074
34,44,0.289,0.818,0.392,0.861,0.68,0.118,0.773
35,44,0.189,0.935,0.93,0.541,0.471,0.099,0.786
58,44,0.843,0.65,0.16,0.133,0.158,0.487,0.038
79,44,0.009,0.218,0.456,0.265,0.305,0.791,0.031
0,45,0.798,0.795,0.532,0.555,0.598,0.982,0.052
1,45,0.921,0.443,0.705,0.854,0.4,0.374,0.509
3,45,0.532,0.107,0.259,0.146,0.003,0.604,0.123
4,45,0.029,0.534,0.2,0.931,0.058,0.925,0.454
5,45,0.825,0.49,0.97,0.774,0.643,0.271,0.225
8,45,0.283,0.917,0.461,0.263,0.438,0.529,0.26
9,45,0.875,0.644,0.809,0.876,0.778,0.029,0.573
10,45,0.403,0.005,0.708,0.378,0.132,0.421,0.194
11,45,0.931,0.612,0.433,0.296,0.204,0.72,0.093
15,45,0.824,0.707,0.364,0.347,0.038,0.86,0.822
16,45,0.327,0.795,0.508,0.749,0.319,0.076,0.014
17,45,0.703,0.726,0.738,0.849,0.681,0.539,0.49
18,45,0.96,0.01,0.46,0.573,0.784,0.096,0.413
19,45,0.632,0.783,0.15,0.305,0.169,0.041,0.688
20,45,0.748,0.839,0.147,0.506,0.299,0.509,0.45
21,45,0.662,0.649,0.846,0.886,0.051,0.644,0.213
22,45,0.043,0.09,0.456,0.64,0.7,0.145,0.305
27,45,0.133,0.723,0.748,0.632,0.267,0.298,0.276
28,45,0.754,0.354,0.731,0.803,0.284,0.19,0.201
29,45,0.535,0.295,0.018,0.028,0.141,0.877,0.63
32,45,0.589,0.609,0.935,0.327,0.245,0.141,0.802
33,45,0.645,0.512,0.542,0.638,0.018,0.013,0.81
34,45,0.149,0.995,0.391,0.719,0.878,0.282,0.375
35,45,0.848,0.899,0.386,0.974,0.393,0.02,0.449
36,45,0.83,0.149,0.685,0.543,0.15,0.457,0.086
79,45,0.085,0.206,0.598,0.232,0.056,0.835,0.731
0,46,0.224,0.808,0.251,0.8,0.604,0.381,0.221
1,46,0.877,0.766,0.191,0.495,0.175,0.636,0.445
2,46,0.568,0.535,0.407,0.902,0.764,0.143,0.25
3,46,0.712,0.714,0.312,0.556,0.587,0.013,0.73
4,46,0.617,0.989,0.533,0.295,0.288,0.221,0.1
5,46,0.897,0.758,0.366,0.462,0.232,0.777,0.807
6,46,0.33,0.832,0.053,0.016,0.487,0.817,0.022
8,46,0.299,0.056,0.9,0.133,0.127,0.314,0.212
10,46,0.809,0.505,0.991,0.252,0.808,0.894,0.659
13,46,0.563,0.925,0.522,0.759,0.568,0.653,0.484
14,46,0.345,0.79,0.115,0.622,0.099,0.665,0.137
15,46,0.046,0.778,0.553,0.398,0.238,0.74,0.127
16,46,0.216,0.534,0.09,0.119,0.316,0.608,0.363
17,46,0.438,0.705,0.207,0.67,0.263,0.517,0.256
18,46,0.848,0.151,0.923,0.184,0.289,0.792,0.125
19,46,0.429,0.1,0.81,0.061,0.152,0.799,0.057
20,46,0.612,0.847,0.636,0.163,0.026,0.307,0.514
28,46,0.025,0.437,0.918,0.721,0.717,0.219,0.954
32,46,0.842,0.865,0.573,0.424,0.24,0.39,0.11
33,46,0.005,0.88,0.118,0.501,0.678,0.624,0.052
34,46,0.802,0.28,0.373,0.024,0.66,0.434,0.419
35,46,0.726,0.69,0.559,0.299,0.523,0.17,0.031
36,46,0.991,0.456,0.399,0.622,0.198,0.364,0.802
80,46,0.731,0.8,0.621,0.841,0.344,0.972,0.543
0,47,0.643,0.025,0.517,0.525,0.145,0.277,0.677
1,47,0.63,0.576,0.209,0.685,0.118,0.767,0.354
2,47,0.201,0.466,0.968,0.798,0.982,0.97,0.768
3,47,0.091,0.109,0.284,0.275,0.141,0.279,0.326
4,47,0.641,0.605,0.124,0.233,0.045,0.859,0.391
5,47,0.105,0.209,0.586,0.443,0.439,0.941,0.556
6,47,0.706,0.356,0.833,0.484,0.049,0.186,0.198
7,47,0.945,0.184,0.375,0.45,0.263,0.051,0.706
8,47,0.474,0.976,0.366,0.553,0.374,0.402,0.962
9,47,0.286,0.758,0.732,0.128,0.456,0.547,0.986
10,47,0.836,0.582,0.424,0.015,0.474,0.968,0.697
12,47,0.232,0.31,0.482,0.718,0.57,0.195,0.047
13,47,0.189,0.458,0.935,0.965,0.512,0.443,0.867
14,47,0.473,0.736,0.612,0.133,0.207,0.269,0.95
15,47,0.023,0.654,0.803,0.829,0.867,0.943,0.524
16,47,0.097,0.718,0.394,0.784,0.951,0.931,0.276
17,47,0.922,0.037,0.471,0.312,0.185,0.631,0.657
18,47,0.775,0.896,0.039,0.236,0.714,0.725,0.878
24,47,0.757,0.66,0.036,0.856,0.878,0.962,0.771
32,47,0.825,0.736,0.374,0.397,0.241,0.596,0.245
33,47,0.477,0.778,0.617,0.082,0.718,0.741,0.806
34,47,0.907,0.608,0.568,0.08,0.76,0.91,0.49
35,47,0.701,0.257,0.276,0.126,0.836,0.796,0.215
0,48,0.315,0.582,0.584,0.989,0.902,0.328,0.092
1,48,0.584,0.753,0.653,0.348,0.577,0.15,0.177
2,48,0.562,0.693,0.75,0.152,0.241,0.156,0.164
3,48,0.86,0.498,0.91,0.104,0.143,0.087,0.249
4,48,0.716,0.809,0.618,0.874,0.593,0.02,0.924
6,48,0.835,0.658,0.931,0.966,0.875,0.563,0.063
7,48,0.539,0.734,0.103,0.944,0.908,0.782,0.129
8,48,0.059,0.096,0.061,0.503,0.109,0.265,0.64
9,48,0.01,0.376,0.805,0.52,0.266,0.842,0.07
10,48,0.278,0.299,0.313,0.3,0.121,0.341,0.769
11,48,0.44,0.819,0.126,0.831,0.284,0.764,0.52
13,48,0.326,0.682,0.365,0.867,0.193,0.796,0.92
14,48,0.869,0.968,0.54,0.095,0.253,0.187,0.948
15,48,0.744,0.43,0.39,0.617,0.401,0.372,0.69
16,48,0.165,0.803,0.29,0.522,0.616,0.709,0.105
17,48,0.779,0.082,0.906,0.51,0.731,0.813,0.79
18,48,0.005,0.49,0.468,0.422,0.744,0.463,0.409
33,48,0.118,0.02,0.747,0.897,0.917,0.151,0.83
34,48,0.599,0.622,0.547,0.478,0.909,0.19,0.71
35,48,0.563,0.656,0.378,0.559,0.11,0.822,0.075
81,48,0.982,0.851,0.804,0.927,0.298,0.265,0.696
0,49,0.527,0.576,0.77,0.37,0.797,0.858,0.967
1,49,0.661,0.108,0.058,0.721,0.579,0.087,0.45
2,49,0.929,0.389,0.185,0.768,0.268,0.504,0.412
3,49,0.683,0.398,0.424,0.167,0.541,0.8,0.404
4,49,0.457,0.062,0.433,0.595,0.471,0.055,0.02
5,49,0.9,0.928,0.63,0.825,0.23,0.001,0.468
6,49,0.219,0.369,0.8,0.818,0.596,0.731,0.134
7,49,0.543,0.367,0.354,0.412,0.412,0.123,0.857
8,49,0.238,0.807,0.41,0.472,0.162,0.134,0.308
9,49,0.166,0.34,0.241,0.975,0.93,0.119,0.895
10,49,0.299,0.859,0.006,0.659,0.262,0.136,0.156
11,49,0.964,0.823,0.352,0.229,0.814,0.644,0.381
15,49,0.788,0.559,0.084,0.362,0.13,0.518,0.775
16,49,0.782,0.127,0.878,0.401,0.344,0.33,0.591
17,49,0.053,0.577,0.985,0.475,0.33,0.885,0.245
26,49,0.411,0.469,0.532,0.233,0.204,0.931,0.157
27,49,0.422,0.269,0.447,0.839,0.269,0.454,0.652
28,49,0.099,0.51,0.465,0.798,0.174,0.929,0.813
33,49,0.168,0.174,0.372,0.906,0.521,0.565,0.239
34,49,0.837,0.439,0.55,0.068,0.491,0.82,0.89
0,50,0.226,0.195,0.316,0.255,0.536,0.004,0.58
1,50,0.021,0.047,0.89,0.081,0.764,0.032,0.846
2,50,0.741,0.062,0.274,0.069,0.019,0.214,0.795
3,50,0.026,0.762,0.846,0.934,0.485,0.543,0.463
4,50,0.855,0.68,0.075,0.826,0.331,0.89,0.43
5,50,0.304,0.579,0.036,0.453,0.012,0.676,0.906
6,50,0.308,0.409,0.698,0.097,0.09,0.581,0.392
7,50,0.275,0.526,0.962,0.138,0.557,0.125,0.338
8,50,0.625,0.65,0.833,0.943,0.304,0.677,0.77
9,50,0.859,0.282,0.357,0.851,0.053,0.541,0.388
10,50,0.278,0.332,0.085,0.589,0.817,0.285,0.701
11,50,0.775,0.806,0.157,0.916,0.47,0.562,0.658
33,50,0.549,0.241,0.77,0.524,0.69,0.928,0.194
34,50,0.14,0.782,0.425,0.156,0.16,0.748,0.118
35,50,0.165,0.514,0.105,0.044,0.757,0.72,0.143
82,50,0.119,0.966,0.661,0.82,0.369,0.896,0.569
83,50,0.923,0.225,0.278,0.833,0.829,0.167,0.547
0,51,0.85,0.988,0.707,0.59,0.838,0.659,0.237
1,51,0.358,0.698,0.272,0.559,0.943,0.586,0.486
2,51,0.91,0.293,0.109,0.528,0.155,0.998,0.065
3,51,0.789,0.621,0.955,0.664,0.583,0.57,0.919
4,51,0.6,0.835,0.607,0.149,0.82,0.123,0.536
5,51,0.959,0.378,0.983,0.442,0.432,0.881,0.554
6,51,0.856,1.0,0.971,0.866,0.954,0.881,0.5
8,51,0.455,0.255,0.829,0.556,0.52,0.377,0.796
9,51,0.027,0.307,0.768,0.711,0.675,0.567,0.784
10,51,0.908,0.863,0.746,0.76,0.943,0.655,0.166
11,51,0.981,0.862,0.562,0.471,0.422,0.575,0.429
12,51,0.071,0.853,0.919,0.461,0.664,0.139,0.645
28,51,0.041,0.995,0.81,0.483,0.761,0.699,0.23
29,51,0.371,0.575,0.356,0.008,0.209,0.05,0.779
30,51,0.099,0.34,0.064,0.537,0.657,0.156,0.129
31,51,0.533,0.334,0.773,0.681,0.178,0.126,0.697
34,51,0.366,0.245,0.64,0.488,0.238,0.35,0.153
82,51,0.662,0.168,0.954,0.712,0.118,0.677,0.109
83,51,0.046,0.475,0.592,0.735,0.178,0.155,0.144
0,52,0.654,0.214,0.245,0.067,0.318,0.824,0.735
1,52,0.521,0.567,0.258,0.599,0.072,0.868,0.193
2,52,0.383,0.879,0.379,0.389,0.58,0.461,0.141
3,52,0.135,0.718,0.547,0.811,0.444,0.567,0.396
4,52,0.314,0.236,0.463,0.771,0.271,0.447,0.764
5,52,0.548,0.892,0.583,0.742,0.313,0.354,0.178
7,52,0.126,0.501,0.91,0.646,0.796,0.589,0.426
8,52,0.683,0.416,0.643,0.073,0.265,0.0,0.031
9,52,0.007,0.677,0.991,0.742,0.868,0.566,0.451
10,52,0.402,0.485,0.387,0.869,0.265,0.72,0.842
11,52,0.851,0.847,0.682,0.902,0.391,0.758,0.317
12,52,0.884,0.187,0.135,0.072,0.164,0.023,0.119
22,52,0.485,0.189,0.16,0.355,0.618,0.378,0.4
28,52,0.072,0.771,0.918,0.344,0.522,0.992,0.753
29,52,0.836,0.675,0.116,0.86,0.93,0.327,0.316
30,52,0.181,0.497,0.701,0.201,0.121,0.238,0.34
31,52,0.517,0.793,0.525,0.623,0.426,0.583,0.527
33,52,0.986,0.507,0.186,0.399,0.897,0.909,0.825
34,52,0.201,0.965,0.388,0.446,0.888,0.624,0.693
82,52,0.019,0.647,0.357,0.827,0.932,0.656,0.542
83,52,0.901,0.304,0.948,0.079,0.286,0.004,0.944
0,53,0.973,0.385,0.687,0.102,0.765,0.167,0.72
1,53,0.402,0.075,0.191,0.692,0.927,0.445,0.567
2,53,0.917,0.021,0.767,0.38,0.94,0.075,0.424
3,53,0.873,0.248,0.264,0.135,0.363,0.229,0.858
4,53,0.766,0.301,0.888,0.69,0.659,0.219,0.072
5,53,0.246,0.781,0.24,0.653,0.988,0.956,0.317
6,53,0.95,0.514,0.898,0.117,0.32,0.337,0.253
7,53,0.666,0.48,0.882,0.77,0.073,0.281,0.537
8,53,0.638,0.986,0.348,0.474,0.877,0.561,0.452
9,53,0.128,0.026,0.046,0.827,0.894,0.93,0.295
10,53,0.273,0.706,0.958,0.434,0.704,0.339,0.455
11,53,0.162,0.911,0.636,0.366,0.442,0.225,0.076
12,53,0.64,0.554,0.037,0.415,0.149,0.583,0.257
29,53,0.187,0.327,0.935,0.536,0.018,0.218,0.797
30,53,0.117,0.806,0.33,0.952,0.117,0.677,0.888
31,53,0.987,0.841,0.649,0.165,0.257,0.325,0.933
50,53,0.261,0.193,0.127,0.114,0.946,0.274,0.713
81,53,0.497,0.753,0.886,0.291,0.853,0.671,0.71
82,53,0.138,0.429,0.052,0.593,0.187,0.546,0.826
83,53,0.432,0.179,0.601,0.624,0.086,0.848,0.935
0,54,0.248,0.317,0.708,0.224,0.616,0.721,0.052
1,54,0.422,0.621,0.847,0.694,0.364,0.895,0.33
2,54,0.008,0.999,0.655,0.753,0.248,0.618,0.309
3,54,0.357,0.623,0.338,0.517,0.776,0.034,0.139
4,54,0.512,0.435,0.754,0.479,0.953,0.085,0.006
5,54,0.097,0.355,0.772,0.066,0.597,0.4,0.106
6,54,0.683,0.699,0.348,0.307,0.558,0.766,0.097
8,54,0.806,0.578,0.174,0.129,0.035,0.156,0.277
9,54,0.216,0.81,0.626,0.565,0.807,0.739,0.56
10,54,0.276,0.704,0.639,0.757,0.855,0.465,0.747
11,54,0.593,0.67,0.864,0.494,0.896,0.104,0.824
12,54,0.248,0.593,0.952,0.625,0.29,0.136,0.57
13,54,0.422,0.887,0.517,0.056,0.275,0.899,0.672
30,54,0.548,0.334,0.941,0.06,0.785,0.04,0.968
31,54,0.401,0.173,0.459,0.073,0.891,0.285,0.981
32,54,0.769,0.808,0.126,0.783,0.294,0.662,0.812
33,54,0.998,0.037,0.823,0.409,0.318,0.809,0.322
80,54,0.018,0.648,0.309,0.468,0.337,0.253,0.717
81,54,0.491,0.513,0.604,0.591,0.872,0.316,0.432
82,54,0.902,0.209,0.126,0.587,0.712,0.073,0.639
83,54,0.738,0.362,0.33,0.614,0.322,0.347,0.218
0,55,0.552,0.269,0.993,0.888,0.467,0.108,0.783
1,55,0.991,0.239,0.615,0.53,0.165,0.613,0.779
2,55,0.779,0.839,0.648,0.959,0.275,0.531,0.551
3,55,0.359,0.044,0.657,0.296,0.242,0.2,0.137
4,55,0.893,0.19,0.05,0.459,0.63,0.109,0.063
5,55,0.446,0.313,0.888,0.766,0.325,0.054,0.465
6,55,0.874,0.065,0.325,0.225,0.059,0.147,0.703
8,55,0.831,0.673,0.935,0.253,0.798,0.204,0.08
9,55,0.057,0.09,0.019,0.259,0.409,0.073,0.677
10,55,0.924,0.979,0.187,0.538,0.887,0.478,0.959
11,55,0.901,0.478,0.841,0.286,0.416,0.68,0.56
12,55,0.607,0.983,0.248,0.643,0.014,0.374,0.739
13,55,0.529,0.756,0.188,0.793,0.671,0.85,0.638
27,55,0.142,0.055,0.626,0.713,0.059,0.903,0.716
28,55,0.272,0.609,0.938,0.158,0.443,0.694,0.121
30,55,0.241,0.702,0.862,0.97,0.101,0.249,0.807
31,55,0.396,0.148,0.192,0.129,0.851,0.244,0.686
32,55,0.935,0.55,0.968,0.017,0.632,0.18,0.244
81,55,0.486,0.156,0.307,0.247,0.878,0.437,0.071
82,55,0.73,0.939,0.988,0.212,0.191,0.668,0.731
83,55,0.059,0.209,0.278,0.099,0.131,0.313,0.762
0,56,0.63,0.856,0.206,0.004,0.466,0.103,0.545
1,56,0.496,0.704,0.693,0.286,0.223,0.031,0.275
2,56,0.674,0.688,0.089,0.951,0.247,0.738,0.133
4,56,0.435,0.552,0.015,0.447,0.018,0.291,0.959
5,56,0.464,0.629,0.972,0.235,0.723,0.15,0.906
6,56,0.976,0.346,0.086,0.999,0.393,0.98,0.592
7,56,0.118,0.342,0.893,0.059,0.957,0.644,0.804
8,56,0.279,0.703,0.983,0.298,0.054,0.46,0.611
9,56,0.294,0.154,0.867,0.329,0.404,0.071,0.771
10,56,0.199,0.891,0.311,0.832,0.936,0.95,0.206
30,56,0.858,0.654,0.428,0.007,0.658,0.732,0.03
31,56,0.395,0.591,0.288,0.313,0.834,0.266,0.339
81,56,0.274,0.426,0.035,0.907,0.072,0.437,0.839
82,56,0.853,0.348,0.003,0.6,0.235,0.122,0.643
83,56,0.337,0.289,0.485,0.299,0.958,0.304,0.702
84,56,0.653,0.237,0.336,0.589,0.734,0.88,0.592
0,57,0.799,0.295,0.457,0.844,0.336,0.616,0.971
1,57,0.574,0.597,0.841,0.872,0.793,0.811,0.331
2,57,0.963,0.632,0.821,0.886,0.415,0.638,0.745
4,57,0.483,0.248,0.378,0.649,0.858,0.813,0.836
5,57,0.709,0.852,0.899,0.004,0.357,0.506,0.18
6,57,0.949,0.964,0.237,0.474,0.893,0.306,0.654
7,57,0.014,0.098,0.765,0.027,0.788,0.577,0.945
8,57,0.756,1.0,0.374,0.937,0.501,0.35,0.945
9,57,0.092,0.37,0.858,0.99,0.803,0.571,0.245
10,57,0.323,0.717,0.331,0.332,0.416,0.202,0.281
30,57,0.765,0.469,0.767,0.756,0.96,0.093,0.459
80,57,0.622,0.282,0.777,0.733,0.119,0.759,0.347
81,57,0.744,0.531,0.883,0.675,0.86,0.077,0.961
82,57,0.686,0.687,0.915,0.604,0.665,0.353,0.503
83,57,0.224,0.401,0.135,0.845,0.755,0.756,0.061
84,57,0.699,0.912,0.89,0.336,0.342,0.173,0.874
0,58,0.593,0.91,0.812,0.758,0.472,0.319,0.583
1,58,0.752,0.934,0.923,0.105,0.362,0.88,0.662
2,58,0.336,0.917,0.685,0.944,0.099,0.507,0.406
4,58,0.615,0.355,0.63,0.874,0.778,0.479,0.804
5,58,0.716,0.094,0.287,0.156,0.575,0.208,0.748
6,58,0.432,0.388,0.559,0.453,0.514,0.893,0.046
7,58,0.416,0.151,0.831,0.044,0.306,0.365,0.36
8,58,0.587,0.762,0.074,0.334,0.68,0.312,0.356
9,58,0.561,0.685,0.656,0.003,0.009,0.932,0.036
10,58,0.923,0.401,0.087,0.128,0.602,0.255,0.061
11,58,0.005,0.268,0.477,0.044,0.619,0.296,0.87
12,58,0.154,0.89,0.651,0.909,0.558,0.308,0.501
13,58,0.758,0.29,0.502,0.498,0.407,0.478,0.758
15,58,0.958,0.455,0.22,0.874,0.355,0.138,0.137
28,58,0.38,0.497,0.463,0.553,0.007,0.529,0.524
51,58,0.262,0.237,0.741,0.238,0.103,0.87,0.262
57,58,0.604,0.597,0.347,0.253,0.465,0.52,0.779
82,58,0.443,0.319,0.18,0.745,0.854,0.397,0.106
83,58,0.543,0.189,0.94,0.694,0.291,0.16,0.886
84,58,0.665,0.67,0.827,0.656,0.108,0.152,0.57
0,59,0.161,0.805,0.708,0.607,0.103,0.943,0.005
1,59,0.374,0.977,0.815,0.813,0.74,0.965,0.083
2,59,0.312,0.527,0.417,0.387,0.049,0.772,0.051
3,59,0.728,0.61,0.447,0.584,0.636,0.684,0.679
4,59,0.051,0.611,0.838,0.562,0.349,0.062,0.963
5,59,0.337,0.721,0.741,0.483,0.0,0.954,0.739
6,59,0.597,0.054,0.364,0.392,0.658,0.624,0.01
7,59,0.455,0.816,0.105,0.144,0.184,0.113,0.501
8,59,0.397,0.152,0.344,0.683,0.507,0.604,0.155
9,59,0.904,0.632,0.711,0.403,0.606,0.248,0.988
10,59,0.153,0.549,0.908,0.839,0.272,0.513,0.87
11,59,0.259,0.697,0.384,0.989,0.556,0.804,0.209
12,59,0.931,0.024,0.117,0.863,0.043,0.506,0.243
13,59,0.495,0.628,0.744,0.009,0.14,0.197,0.717
28,59,0.325,0.798,0.095,0.514,0.05,0.084,0.122
29,59,0.6,0.417,0.599,0.869,0.555,0.916,0.674
56,59,0.362,0.675,0.419,0.969,0.327,0.603,0.855
82,59,0.066,0.595,0.656,0.673,0.537,0.335,0.339
83,59,0.615,0.554,0.405,0.655,0.239,0.156,0.288
84,59,0.656,0.385,0.803,0.152,0.271,0.375,0.832
0,60,0.887,0.189,0.685,0.604,0.111,0.693,0.907
1,60,0.052,0.661,0.109,1.0,0.226,0.837,0.199
2,60,0.13,0.905,0.165,0.691,0.237,0.402,0.648
3,60,0.896,0.12,0.25,0.882,0.93,0.088,0.96
4,60,0.736,0.987,0.931,0.708,0.064,0.327,0.55
5,60,0.611,0.587,0.056,0.572,0.129,0.912,0.099
6,60,0.341,0.483,0.576,0.538,0.771,0.53,0.616
7,60,0.064,0.066,0.075,0.331,0.914,0.294,0.86
8,60,0.05,0.932,0.128,0.09,0.113,0.258,0.926
9,60,0.868,0.138,0.52,0.452,0.867,0.904,0.519
10,60,0.535,0.521,0.312,0.474,0.201,0.184,0.196
11,60,0.291,0.889,0.002,0.924,0.816,0.248,0.85
12,60,0.744,0.373,0.639,0.876,0.786,0.835,0.3
13,60,0.996,0.271,0.373,0.023,0.574,0.928,0.731
28,60,0.751,0.416,0.153,0.446,0.479,0.574,0.411
29,60,0.176,0.755,0.183,0.733,0.451,0.318,0.547
83,60,0.313,0.034,0.376,0.475,0.59,0.553,0.969
84,60,0.689,0.884,0.096,0.535,0.932,0.748,0.827
85,60,0.296,0.327,0.25,0.294,0.783,0.577,0.295
0,61,0.171,0.337,0.85,0.52,0.182,0.178,0.618
1,61,0.67,0.985,0.501,0.905,0.057,0.412,0.752
2,61,0.438,0.983,0.227,0.955,0.074,0.158,0.815
3,61,0.68,0.183,0.64,0.023,0.977,0.148,0.349
4,61,0.083,0.114,0.832,0.113,0.872,0.187,0.322
5,61,0.026,0.874,0.616,0.875,0.462,0.055,0.316
6,61,0.666,0.22,0.426,0.642,0.562,0.775,0.205
7,61,0.922,0.047,0.995,0.197,0.238,0.02,0.894
8,61,0.113,0.067,0.441,0.68,0.647,0.887,0.336
9,61,0.675,0.336,0.26,0.881,0.465,0.626,0.961
10,61,0.662,0.441,0.547,0.041,0.905,0.87,0.382
11,61,0.511,0.496,0.437,0.891,0.129,0.588,0.05
12,61,0.215,0.555,0.864,0.945,0.053,0.031,0.256
13,61,0.962,0.113,0.721,0.972,0.394,0.318,0.79
14,61,0.617,0.102,0.96,0.783,0.98,0.174,0.56
29,61,0.086,0.841,0.876,0.978,0.933,0.549,0.575
79,61,0.5,0.163,0.654,0.473,0.799,0.909,0.485
80,61,0.705,0.344,0.781,0.75,0.038,0.306,0.467
83,61,0.594,0.252,0.736,0.823,0.818,0.696,0.104
84,61,0.564,0.978,0.885,0.636,0.18,0.884,0.767
85,61,0.261,0.6,0.904,0.195,0.46,0.053,0.671
86,61,0.919,0.708,0.352,0.124,0.344,0.767,0.597
0,62,0.036,0.076,0.094,0.452,0.335,0.847,0.109
1,62,0.621,0.497,0.029,0.482,0.965,0.972,0.012
2,62,0.732,0.71,0.624,0.058,0.375,0.111,0.77
3,62,0.813,0.116,0.024,0.881,0.911,0.26,0.289
4,62,0.344,0.25,0.663,0.757,0.012,0.001,0.093
5,62,0.422,0.522,0.162,0.253,0.748,0.518,0.361
6,62,0.881,0.796,0.259,0.624,0.462,0.732,0.503
7,62,0.775,0.064,0.187,0.017,0.023,0.342,0.597
8,62,0.073,0.359,0.695,0.366,0.049,0.913,0.215
9,62,0.06,0.398,0.012,0.426,0.814,0.093,0.005
10,62,0.382,0.118,0.893,0.799,0.376,0.784,0.253
11,62,0.007,0.734,0.84,0.07,0.009,0.037,0.47
12,62,0.656,0.028,0.293,0.9,0.524,0.367,0.707
13,62,0.02,0.99,0.57,0.374,0.015,0.37,0.632
14,62,0.596,0.218,0.039,0.166,0.988,0.809,0.457
30,62,0.321,0.888,0.354,0.017,0.106,0.549,0.513
79,62,0.228,0.896,0.491,0.393,0.163,0.549,0.024
80,62,0.434,0.263,0.153,0.767,0.659,0.757,0.589
81,62,0.241,0.403,0.693,0.088,0.021,0.573,0.482
82,62,0.102,0.441,0.495,0.666,0.226,0.09,0.679
87,62,0.492,0.555,0.687,0.337,0.479,0.675,0.487
88,62,0.573,0.781,0.365,0.358,0.017,0.927,0.374
89,62,0.067,0.076,0.303,0.41,0.812,0.252,0.233
0,63,0.225,0.074,0.852,0.615,0.436,0.74,0.505
1,63,0.26,0.979,0.519,0.901,0.183,0.555,0.452
2,63,0.892,0.808,0.651,0.118,0.394,0.421,0.713
3,63,0.646,0.388,0.934,0.799,0.74,0.317,0.906
4,63,0.38,0.09,0.941,0.428,0.028,0.96,0.021
5,63,0.343,0.629,0.593,0.476,0.149,0.395,0.851
6,63,0.424,0.081,0.892,0.37,0.573,0.604,0.865
7,63,0.824,0.927,0.762,0.522,0.105,0.381,0.024
8,63,0.816,0.743,0.935,0.832,0.99,0.082,0.484
9,63,0.44,0.404,0.287,0.175,0.774,0.5,0.948
10,63,0.601,0.564,0.893,0.821,0.758,0.932,0.276
11,63,0.33,0.681,0.228,0.385,0.895,0.705,0.433
12,63,0.468,0.63,0.442,0.935,0.761,0.958,0.865
13,63,0.824,0.312,0.698,0.327,0.538,0.4,0.656
14,63,0.341,0.268,0.492,0.022,0.491,0.233,0.77
15,63,0.401,0.75,0.775,0.597,0.91,0.749,0.459
78,63,0.879,0.371,0.632,0.764,0.696,0.965,0.656
79,63,0.576,0.634,0.154,0.496,0.382,0.425,0.82
80,63,0.441,0.611,0.611,0.916,0.027,0.019,0.871
81,63,0.395,0.733,0.45,0.661,0.998,0.774,0.329
90,63,0.249,0.797,0.722,0.592,0.92,0.827,0.612
92,63,0.294,0.605,0.393,0.23,0.152,0.443,0.739
94,63,0.337,0.916,0.121,0.035,0.727,0.982,0.725
0,64,0.453,0.214,0.315,0.829,0.453,0.632,0.924
1,64,0.652,0.858,0.986,0.558,0.158,0.582,0.025
2,64,0.517,0.249,0.046,0.55,0.783,0.08,0.758
3,64,0.371,0.107,0.522,0.653,0.772,0.044,0.791
4,64,0.799,0.487,0.634,0.606,0.958,0.29,0.112
5,64,0.414,0.18,0.41,0.783,0.224,0.387,0.916
6,64,0.519,0.96,0.56,0.164,0.531,0.428,0.295
7,64,0.238,0.457,0.165,0.206,0.698,0.328,0.879
8,64,0.553,0.937,0.972,0.78,0.433,0.261,0.074
9,64,0.404,0.942,0.396,0.91,0.602,0.707,0.867
10,64,0.551,0.383,0.193,0.063,0.162,0.35,0.161
11,64,0.074,0.39,0.405,0.474,0.38,0.808,0.863
12,64,0.541,0.623,0.321,0.26,0.044,0.569,0.258
13,64,0.658,0.83,0.697,0.23,0.397,0.067,0.086
14,64,0.93,0.895,0.946,0.419,0.765,0.324,0.587
15,64,0.366,0.54,0.538,0.395,0.931,0.818,0.441
17,64,0.697,0.584,0.702,0.62,0.792,0.912,0.289
31,64,0.767,0.022,0.858,0.478,0.675,0.231,0.049
78,64,0.412,0.285,0.125,0.771,0.158,0.068,0.439
79,64,0.371,0.378,0.109,0.592,0.583,0.627,0.899
80,64,0.786,0.07,0.909,0.994,0.318,0.101,0.361
96,64,0.935,0.101,0.128,0.336,0.548,0.239,0.967
97,64,0.864,0.268,0.205,0.963,0.413,0.503,0.523
0,65,0.103,0.98,0.905,0.148,0.153,0.384,0.392
1,65,0.721,0.566,0.175,0.624,0.75,0.625,0.521
2,65,0.584,0.157,0.104,0.107,0.447,0.03,0.391
3,65,0.842,0.922,0.725,0.893,0.061,0.209,0.436
4,65,0.138,0.855,0.846,0.228,0.466,0.112,0.794
5,65,0.345,0.563,0.46,0.262,0.262,0.054,0.62
6,65,0.149,0.741,0.078,0.868,0.105,0.683,0.541
7,65,0.793,0.887,0.282,0.063,0.148,0.874,0.135
8,65,0.145,0.629,0.055,0.06,0.716,0.57,0.493
9,65,0.33,0.217,0.94,0.83,0.375,0.494,0.363
10,65,0.533,0.344,0.516,0.923,1.0,0.35,0.054
11,65,0.505,0.901,0.9,0.639,0.733,0.336,0.49
12,65,0.472,0.265,0.163,0.234,0.779,0.669,0.327
13,65,0.771,0.778,0.525,0.454,0.178,0.044,0.746
14,65,0.993,0.362,0.542,0.556,0.206,0.893,0.425
15,65,0.138,0.342,0.714,0.807,0.648,0.058,0.612
17,65,0.076,0.611,0.226,0.176,0.678,0.07,0.262
77,65,0.568,0.307,0.699,0.617,0.188,0.456,0.172
78,65,0.616,0.289,0.818,0.247,0.843,0.411,0.959
98,65,0.432,0.12,0.858,0.504,0.321,0.991,0.216
99,65,0.903,0.367,0.215,0.864,0.865,0.431,0.478
100,65,0.022,0.8,0.495,0.569,0.592,0.232,0.661
0,66,0.434,0.131,0.869,0.849,0.391,0.512,0.552
1,66,0.828,0.565,0.573,0.897,0.776,0.689,0.226
2,66,0.992,0.815,0.262,0.49,0.947,0.583,0.882
3,66,0.215,0.489,0.095,0.855,0.244,0.148,0.811
4,66,0.69,0.345,0.971,0.505,0.246,0.753,0.529
5,66,0.108,0.999,0.416,0.076,0.318,0.545,0.414
6,66,0.532,0.271,0.862,0.259,0.864,0.97,0.588
7,66,0.958,0.71,0.426,0.062,0.925,0.37,0.353
8,66,0.745,0.001,0.704,0.435,0.813,0.783,0.267
9,66,0.394,0.89,0.436,0.361,0.449,0.163,0.763
10,66,0.087,0.46,0.611,0.012,0.363,0.487,0.805
11,66,0.979,0.657,0.329,0.129,0.87,0.659,0.541
12,66,0.634,0.036,0.786,0.455,0.248,0.38,0.232
13,66,0.53,0.801,0.952,0.002,0.427,0.015,0.941
14,66,0.424,0.866,0.084,0.61,0.599,0.102,0.316
15,66,0.975,0.635,0.783,0.301,0.794,0.886,0.514
16,66,0.77,0.681,0.812,0.58,0.481,0.915,0.314
18,66,0.097,0.757,0.301,0.854,0.26,0.852,0.18
77,66,0.655,0.185,0.238,0.746,0.766,0.531,0.005
100,66,0.587,0.863,0.815,0.175,0.264,0.544,0.441
101,66,0.629,0.489,0.162,0.079,0.113,0.816,0.496
102,66,0.597,0.093,0.103,0.923,0.261,0.027,0.573
103,66,0.797,0.644,0.941,0.857,0.644,0.849,0.421
0,67,0.92,0.65,0.255,0.682,0.224,0.458,0.767
1,67,0.227,0.894,0.069,0.507,0.35,0.817,0.091
2,67,0.508,0.882,0.568,0.37,0.832,0.322,0.838
3,67,0.2,0.487,0.733,0.618,0.377,0.474,0.104
4,67,0.414,0.933,0.253,0.275,0.589,0.264,0.066
5,67,0.606,0.589,0.122,0.653,0.158,0.155,0.281
6,67,0.957,0.482,0.552,0.977,0.116,0.392,0.896
7,67,0.885,0.333,0.203,0.169,0.636,0.657,0.377
8,67,0.621,0.866,0.53,0.819,0.205,0.159,0.404
9,67,0.897,0.221,0.819,0.661,0.552,0.698,0.614
10,67,0.838,0.743,0.621,0.291,0.293,0.938,0.058
11,67,0.369,0.55,0.043,0.034,0.938,0.348,0.238
12,67,0.24,0.756,0.801,0.348,0.751,0.566,0.14
13,67,0.542,0.337,0.962,0.124,0.374,0.889,0.963
15,67,0.321,0.98,0.565,0.877,0.753,0.929,0.841
16,67,0.846,0.656,0.632,0.873,0.58,0.301,0.873
18,67,0.616,0.947,0.948,0.07,0.22,0.235,0.408
0,68,0.183,0.465,0.651,0.335,0.464,0.799,0.359
1,68,0.329,0.531,0.909,0.078,0.91,0.613,0.36
2,68,0.399,0.946,0.212,0.599,0.19,0.803,0.574
3,68,0.243,0.108,0.615,0.525,0.34,0.677,0.831
4,68,0.351,0.126,0.748,0.558,0.945,0.122,0.887
5,68,0.049,0.75,0.016,0.959,0.059,0.548,0.989
6,68,0.754,0.722,0.964,0.389,0.243,0.652,0.738
7,68,0.789,0.427,0.423,0.224,0.865,0.676,0.865
8,68,0.291,0.634,0.018,0.192,0.553,0.934,0.455
9,68,0.903,0.743,0.634,0.167,0.574,0.312,0.563
10,68,0.978,0.063,0.926,0.484,0.628,0.517,0.172
11,68,0.783,0.857,0.337,0.141,0.842,0.73,0.078
12,68,0.163,0.046,0.178,0.146,0.55,0.946,0.525
13,68,0.564,0.301,0.367,0.353,1.0,0.682,0.486
14,68,0.811,0.584,0.947,0.935,0.167,0.178,0.37
15,68,0.744,0.108,0.655,0.439,0.506,0.805,0.025
16,68,0.029,0.311,0.313,0.162,0.133,0.426,0.253
17,68,0.625,0.485,0.573,0.804,0.522,0.283,0.44
31,68,0.395,0.065,0.806,0.309,0.121,0.979,0.046
0,69,0.177,0.635,0.467,0.364,0.015,0.406,0.909
1,69,0.327,0.825,0.197,0.195,0.878,0.362,0.464
2,69,0.97,0.155,0.453,0.104,0.124,0.595,0.507
3,69,0.478,0.664,0.405,0.935,0.695,0.519,0.041
4,69,0.987,0.431,0.391,0.798,0.058,0.551,0.001
5,69,0.17,0.39,0.432,0.544,0.027,0.467,0.561
6,69,0.955,0.237,0.808,0.19,0.184,0.541,0.536
7,69,0.523,0.738,0.513,0.354,0.294,0.238,0.393
8,69,0.053,0.219,0.851,0.567,0.362,0.034,0.71
9,69,0.707,0.246,0.512,0.319,0.48,0.6,0.381
10,69,0.703,0.643,0.359,0.413,0.239,0.762,0.808
11,69,0.63,0.52,0.157,0.271,0.108,0.896,0.509
12,69,0.564,0.01,0.583,0.905,0.468,0.0,0.485
13,69,0.606,0.914,0.946,0.029,0.799,0.388,0.575
14,69,0.011,0.772,0.951,0.318,0.038,0.484,0.241
15,69,0.934,0.643,0.331,0.448,0.812,0.209,0.03
16,69,0.859,0.946,0.384,0.204,0.36,0.589,0.164
17,69,0.167,0.096,0.132,0.63,0.298,0.419,0.337
29,69,0.069,0.766,0.728,0.604,0.901,0.329,0.309
30,69,0.571,0.576,0.578,0.66,0.776,0.211,0.924
37,69,0.139,0.371,0.923,0.195,0.804,0.0,0.056
0,70,0.155,0.393,0.597,0.549,0.971,0.859,0.858
1,70,0.38,0.892,0.927,0.654,0.714,0.98,0.865
2,70,0.179,0.915,0.471,0.759,0.833,0.126,0.449
3,70,0.666,0.927,0.655,0.505,0.854,0.667,0.393
4,70,0.028,0.645,0.095,0.695,0.209,0.741,0.693
5,70,0.704,0.029,0.938,0.4,0.933,0.263,0.021
6,70,0.332,0.524,0.473,0.797,0.481,0.471,0.087
7,70,0.675,0.271,0.043,0.426,0.988,0.763,0.01
8,70,0.975,0.155,0.298,0.213,0.921,0.487,0.282
9,70,0.99,0.607,0.356,0.166,0.467,0.473,0.553
10,70,0.762,0.887,0.621,0.315,0.636,0.036,0.738
11,70,0.327,0.93,0.231,0.038,0.648,0.606,0.31
12,70,0.878,0.092,0.513,0.991,0.434,0.417,0.003
13,70,0.752,0.244,0.882,0.241,0.7,0.872,0.757
14,70,0.708,0.462,0.931,0.012,0.489,0.445,0.293
15,70,0.09,0.781,0.966,0.397,0.143,0.39,0.894
16,70,0.776,0.862,0.347,0.348,0.507,0.853,0.243
17,70,0.683,0.266,0.522,0.382,0.31,0.259,0.952
18,70,0.119,0.194,0.368,0.647,0.303,0.242,0.276
19,70,0.116,0.698,0.045,0.112,0.015,0.059,0.782
21,70,0.279,0.247,0.436,0.162,0.525,0.271,0.508
28,70,0.181,0.442,0.848,0.745,0.269,0.711,0.594
30,70,0.922,0.086,0.844,0.578,0.348,0.777,0.046
0,71,0.16,0.697,0.021,0.306,0.761,0.007,0.997
1,71,0.721,0.548,0.488,0.378,0.667,0.14,0.07
2,71,0.183,0.071,0.066,0.473,0.157,0.743,0.37
3,71,0.766,0.626,0.565,0.735,0.509,0.768,0.223
4,71,0.643,0.974,0.083,0.967,0.519,0.881,0.171
5,71,0.829,0.253,0.786,0.62,0.708,0.907,0.788
6,71,0.189,0.846,0.34,0.761,0.197,0.502,0.817
7,71,0.714,0.707,0.844,0.158,0.757,0.688,0.447
8,71,0.048,0.971,0.185,0.534,0.389,0.264,0.728
9,71,0.203,0.029,0.086,0.066,0.311,0.513,0.565
10,71,0.455,0.1,0.649,0.898,0.564,0.43,0.227
11,71,0.279,0.848,0.497,0.94,0.933,0.483,0.74
12,71,0.51,0.777,0.532,0.924,0.839,0.007,0.376
13,71,0.999,0.51,0.083,0.361,0.045,0.974,0.761
14,71,0.147,0.718,0.767,0.276,0.915,0.136,0.488
15,71,0.349,0.968,0.403,0.084,0.34,0.693,0.801
16,71,0.923,0.006,0.154,0.214,0.394,0.772,0.38
17,71,0.134,0.755,0.726,0.651,0.875,0.912,0.557
18,71,0.603,0.606,0.977,0.238,0.615,0.415,0.139
19,71,0.084,0.42,0.444,0.725,0.505,0.553,0.951
20,71,0.558,0.718,0.351,0.314,0.161,0.74,0.538
21,71,0.215,0.156,0.638,0.336,0.028,0.607,0.881
28,71,0.139,0.377,0.31,0.945,0.221,0.1,0.397
29,71,0.39,0.721,0.806,0.783,0.692,0.682,0.774
30,71,0.091,0.734,0.872,0.257,0.831,0.48,0.329
107,71,0.028,0.523,0.966,0.655,0.082,0.393,0.072
0,72,0.017,0.659,0.29,0.404,0.683,0.521,0.051
1,72,0.317,0.36,0.624,0.436,0.392,0.702,0.377
2,72,0.542,0.282,0.909,0.017,0.994,0.658,0.478
3,72,0.452,0.125,0.765,0.697,0.016,0.886,0.429
4,72,0.662,0.323,0.668,0.384,0.701,0.438,0.614
5,72,0.937,0.26,0.22,0.734,0.961,0.968,0.092
6,72,0.423,0.871,0.205,0.555,0.573,0.165,0.687
7,72,0.529,0.24,0.008,0.812,0.763,0.388,0.042
8,72,0.051,0.178,0.088,0.518,0.972,0.083,0.213
9,72,0.719,0.186,0.514,0.381,0.227,0.871,0.286
10,72,0.924,0.134,0.304,0.148,0.455,0.177,0.741
11,72,0.019,0.959,0.406,0.561,0.865,0.506,0.39
12,72,0.624,0.08,0.408,0.049,0.587,0.092,0.255
14,72,0.283,0.505,0.374,0.49,0.349,0.884,0.804
15,72,0.787,0.36,0.106,0.927,0.412,0.572,0.306
16,72,0.648,0.507,0.779,0.336,0.475,0.587,0.208
17,72,0.979,0.343,0.74,0.208,0.173,0.901,0.347
18,72,0.11,0.22,0.678,0.649,0.164,0.146,0.085
19,72,0.165,0.731,0.62,0.962,0.644,0.018,0.892
20,72,0.508,0.102,0.614,0.683,0.917,0.169,0.158
27,72,0.809,0.467,0.208,0.058,0.915,0.575,0.137
28,72,0.261,0.252,0.759,0.744,0.161,0.261,0.611
29,72,0.19,0.595,0.167,0.002,0.981,0.684,0.506
30,72,0.617,0.824,0.459,0.076,0.197,0.668,0.765
79,72,0.532,0.022,0.365,0.229,0.492,0.897,0.975
80,72,0.993,0.627,0.912,0.302,0.203,0.675,0.979
0,73,0.469,0.788,0.518,0.022,0.52,0.385,0.55
1,73,0.738,0.943,0.501,0.69,0.501,0.626,0.94
3,73,0.342,0.469,0.915,0.26,0.211,0.236,0.139
4,73,0.128,0.328,0.839,0.05,0.263,0.776,0.977
5,73,0.795,0.127,0.225,0.017,0.791,0.023,0.941
6,73,0.284,0.374,0.326,0.594,0.824,0.853,0.015
7,73,0.708,0.281,0.186,0.403,0.568,0.534,0.916
8,73,0.977,0.107,0.168,0.695,0.763,0.595,0.193
9,73,0.609,0.175,0.638,0.868,0.808,0.131,0.357
10,73,0.421,0.094,0.763,0.542,0.968,0.06,0.505
11,73,0.512,0.245,0.733,0.893,0.848,0.799,0.647
13,73,0.341,0.474,0.448,0.974,0.2,0.934,0.778
14,73,0.037,0.443,0.128,0.821,0.608,0.425,0.836
15,73,0.012,0.988,0.461,0.195,0.686,0.545,0.598
16,73,0.845,0.332,0.401,0.083,0.329,0.501,0.746
17,73,0.153,0.489,0.416,0.025,0.096,0.535,0.26
18,73,0.573,0.66,0.146,0.537,0.64,0.277,0.849
19,73,0.73,0.469,0.994,0.383,0.314,0.646,0.371
20,73,0.562,0.034,0.284,0.187,0.725,0.431,0.168
26,73,0.603,0.536,0.973,0.966,0.965,0.608,0.506
27,73,0.571,0.759,0.782,0.131,0.94,0.342,0.013
80,73,0.081,0.879,0.995,0.031,0.637,0.959,0.665
0,74,0.948,0.842,0.899,0.628,0.551,0.208,0.355
1,74,0.581,0.108,0.895,0.854,0.456,0.331,0.634
2,74,0.301,0.837,0.654,0.56,0.523,0.566,0.801
3,74,0.471,0.584,0.488,0.687,0.873,0.535,0.658
4,74,0.195,0.379,0.521,0.524,0.623,0.189,0.133
5,74,0.56,0.605,0.21,0.284,0.514,0.557,0.478
6,74,0.249,0.921,0.409,0.234,0.245,0.34,0.447
7,74,0.814,0.305,0.871,0.887,0.71,0.631,0.514
8,74,0.884,0.083,0.414,0.323,0.648,0.548,0.264
9,74,0.574,0.362,0.801,0.165,0.685,0.316,0.741
10,74,0.626,0.151,0.026,0.995,0.492,0.773,0.325
11,74,0.086,0.774,0.896,0.663,0.127,0.341,0.952
12,74,0.794,0.885,0.081,0.242,0.763,0.174,0.937
13,74,0.098,0.206,0.313,0.837,0.738,0.756,0.73
15,74,0.531,0.405,0.075,0.814,0.298,0.724,0.132
16,74,0.667,0.126,0.52,0.632,0.312,0.126,0.372
17,74,0.783,0.724,0.606,0.802,0.831,0.924,0.32
18,74,0.584,0.247,0.604,0.843,0.241,0.533,0.439
19,74,0.13,0.385,0.204,0.609,0.33,0.758,0.073
68,74,0.877,0.969,0.465,0.893,0.321,0.424,0.79
69,74,0.937,0.879,0.602,0.774,0.695,0.84,0.068
83,74,0.349,0.739,0.357,0.986,0.977,0.161,0.292
84,74,0.685,0.358,0.198,0.5,0.272,0.135,0.267
116,74,0.492,0.941,0.404,0.424,0.264,0.273,0.855
0,75,0.582,0.842,0.892,0.602,0.168,0.547,0.317
1,75,0.645,0.099,0.485,0.16,0.901,0.61,0.418
2,75,0.5,0.888,0.482,0.23,0.923,0.841,0.413
3,75,0.005,0.148,0.351,0.277,0.51,0.594,0.147
4,75,0.986,0.74,0.314,0.927,0.041,0.277,0.168
11,75,0.946,0.308,0.617,0.258,0.528,0.976,0.368
12,75,0.151,0.002,0.171,0.61,0.676,0.801,0.453
13,75,0.892,0.25,0.014,0.101,0.1,0.732,0.715
14,75,0.641,0.738,0.296,0.804,0.017,0.24,0.021
16,75,0.907,0.585,0.087,0.018,0.19,0.934,0.359
17,75,0.037,0.344,0.63,0.164,0.719,0.183,0.441
18,75,0.224,0.957,0.395,0.287,0.527,0.48,0.346
19,75,0.473,0.488,0.451,0.912,0.766,0.05,0.616
116,75,0.1,0.848,0.863,0.553,0.697,0.306,0.829
0,76,0.103,0.797,0.945,0.469,0.755,0.614,0.495
1,76,0.891,0.206,0.057,0.067,0.043,0.375,0.952
2,76,0.757,0.893,0.975,0.374,0.077,0.301,0.947
10,76,0.319,0.518,0.524,0.103,0.708,0.62,0.883
63,76,0.096,0.909,0.071,0.147,0.424,0.829,0.501
116,76,0.343,0.547,0.912,0.396,0.562,0.047,0.147
0,77,0.748,0.217,0.605,0.604,0.561,0.157,0.291
1,77,0.396,0.37,0.643,0.337,0.508,0.619,0.429
8,77,0.968,0.412,0.729,0.68,0.05,0.85,0.199
82,77,0.214,0.524,0.736,0.097,0.642,0.028,0.566
